UT,MJD,corrMMJD,rAU,dAU,aPh,Mag,corrm,sigma,Filt,flag
2017-10-25T01:04:16,58051.045,51.045,1.362,0.398,19.31,22.012,22.012,0.0814,g,V1g
2017-10-25T01:05:42,58051.046,51.046,1.362,0.398,19.31,22.115,22.115,0.0875,g,V1g
2017-10-25T01:06:57,58051.046,51.046,1.362,0.398,19.31,22.205,22.205,0.092,g,V1g
2017-10-25T01:08:23,58051.047,51.047,1.362,0.398,19.31,22.261,22.261,0.094,g,V1g
2017-10-25T01:09:57,58051.049,51.049,1.362,0.398,19.31,22.056,22.056,0.0836,g,V1g
2017-10-25T01:12:31,58051.05,51.05,1.362,0.398,19.31,21.38,22.22,0.066,r,V1r
2017-10-25T01:13:54,58051.051,51.051,1.362,0.398,19.31,21.319,22.159,0.0631,r,V1r
2017-10-25T01:19:41,58051.055,51.055,1.362,0.398,19.31,21.481,22.321,0.0681,r,V1r
2017-10-25T01:20:59,58051.056,51.056,1.362,0.398,19.31,21.493,22.333,0.0687,r,V1r
2017-10-25T01:22:11,58051.057,51.057,1.362,0.398,19.31,21.611,22.451,0.0744,r,V1r
2017-10-25T01:23:22,58051.058,51.058,1.362,0.398,19.31,21.587,22.427,0.073,r,V1r
2017-10-25T01:24:38,58051.059,51.059,1.362,0.398,19.31,21.685,22.525,0.0775,r,V1r
2017-10-25T01:25:51,58051.06,51.06,1.362,0.398,19.31,21.642,22.482,0.0746,r,V1r
2017-10-25T01:27:04,58051.06,51.06,1.362,0.398,19.31,21.802,22.642,0.083,r,V1r
2017-10-25T01:28:53,58051.062,51.062,1.362,0.398,19.31,21.203,22.353,0.0988,i,V1i
2017-10-25T01:30:09,58051.063,51.063,1.362,0.398,19.31,21.344,22.494,0.1077,i,V1i
2017-10-25T01:31:37,58051.064,51.064,1.362,0.398,19.31,21.622,22.772,0.1326,i,V1i
2017-10-25T01:32:48,58051.064,51.064,1.362,0.398,19.31,21.603,22.753,0.1331,i,V1i
2017-10-25T01:34:03,58051.065,51.065,1.362,0.398,19.31,21.541,22.691,0.1295,i,V1i
2017-10-25T01:35:16,58051.066,51.066,1.362,0.398,19.31,21.784,22.934,0.1519,i,V1i
2017-10-25T01:36:40,58051.067,51.067,1.362,0.398,19.31,21.547,22.697,0.127,i,V1i
2017-10-25T01:37:56,58051.068,51.068,1.362,0.398,19.31,21.479,22.629,0.1216,i,V1i
2017-10-25T01:39:12,58051.069,51.069,1.362,0.398,19.31,21.778,22.928,0.1485,i,V1i
2017-10-25T01:40:23,58051.07,51.07,1.362,0.398,19.31,21.778,22.928,0.1525,i,V1i
2017-10-25T01:41:43,58051.071,51.071,1.362,0.398,19.31,21.719,22.869,0.1418,i,V1i
2017-10-25T01:42:52,58051.071,51.071,1.362,0.398,19.31,21.588,22.738,0.128,i,V1i
2017-10-25T01:44:11,58051.072,51.072,1.362,0.398,19.31,21.656,22.806,0.1386,i,V1i
2017-10-25T01:45:19,58051.073,51.073,1.362,0.398,19.31,21.88,23.03,0.1631,i,V1i
2017-10-25T01:46:49,58051.074,51.074,1.362,0.398,19.31,22.022,23.172,0.1828,i,V1i
2017-10-25T01:49:20,58051.076,51.076,1.362,0.398,19.31,22.339,23.589,0.3132,z,V1z
2017-10-25T01:50:32,58051.077,51.077,1.362,0.398,19.31,22.887,24.137,0.5115,z,V1z
2017-10-25T01:51:52,58051.078,51.078,1.362,0.398,19.31,22.483,23.733,0.3628,z,V1z
2017-10-25T01:53:11,58051.079,51.079,1.362,0.398,19.31,22.108,23.358,0.2636,z,V1z
2017-10-25T01:54:34,58051.08,51.08,1.362,0.398,19.31,22.435,23.685,0.3431,z,V1z
2017-10-25T01:55:43,58051.08,51.08,1.362,0.398,19.31,21.937,23.187,0.2241,z,V1z
2017-10-25T01:56:59,58051.081,51.081,1.362,0.398,19.31,22.524,23.774,0.3731,z,V1z
2017-10-25T02:04:00,58051.086,51.086,1.363,0.4,19.378,23.613,24.851,0.9607,z,V1z
2017-10-25T02:05:15,58051.087,51.087,1.363,0.4,19.378,22.668,23.906,0.4205,z,V1z
2017-10-25T02:06:25,58051.088,51.088,1.363,0.4,19.378,22.151,23.389,0.265,z,V1z
2017-10-25T02:08:46,58051.089,51.089,1.363,0.4,19.378,23.442,24.68,0.7914,z,V1z
2017-10-25T02:09:55,58051.09,51.09,1.363,0.4,19.378,22.758,23.996,0.4431,z,V1z
2017-10-25T02:11:08,58051.091,51.091,1.363,0.4,19.378,22.323,23.561,0.3025,z,V1z
2017-10-25T02:12:19,58051.092,51.092,1.363,0.4,19.378,23.343,24.581,0.7424,z,V1z
2017-10-25T02:13:25,58051.093,51.093,1.363,0.4,19.378,22.928,24.166,0.5069,z,V1z
2017-10-25T02:14:42,58051.094,51.094,1.363,0.4,19.378,22.788,24.026,0.4428,z,V1z
2017-10-25T02:15:48,58051.094,51.094,1.363,0.4,19.378,22.6,23.838,0.3807,z,V1z
2017-10-25T02:16:56,58051.095,51.095,1.363,0.4,19.378,23.539,24.777,0.8757,z,V1z
2017-10-25T02:18:04,58051.096,51.096,1.363,0.4,19.378,22.635,23.873,0.385,z,V1z
2017-10-25T02:19:11,58051.097,51.097,1.363,0.4,19.378,23.117,24.355,0.586,z,V1z
2017-10-25T02:20:40,58051.098,51.098,1.363,0.4,19.378,22.94,24.178,0.4933,z,V1z
2017-10-25T02:21:49,58051.098,51.098,1.363,0.4,19.378,24.213,25.451,1.578,z,V1z
2017-10-25T02:22:55,58051.099,51.099,1.363,0.4,19.378,24.075,25.313,1.3993,z,V1z
2017-10-25T02:24:03,58051.1,51.1,1.363,0.4,19.378,22.694,23.932,0.4139,z,V1z
2017-10-25T02:25:41,58051.101,51.101,1.363,0.4,19.378,24.479,24.467,0.3966,g,V1g
2017-10-25T02:26:52,58051.102,51.102,1.363,0.4,19.378,24.009,23.997,0.2889,g,V1g
2017-10-25T02:28:01,58051.103,51.103,1.363,0.4,19.378,24.003,23.991,0.2769,g,V1g
2017-10-25T02:29:10,58051.104,51.104,1.363,0.4,19.378,24.171,24.159,0.3,g,V1g
2017-10-25T02:30:18,58051.104,51.104,1.363,0.4,19.378,23.667,23.655,0.2052,g,V1g
2017-10-25T02:33:58,58051.107,51.107,1.363,0.4,19.378,23.323,24.151,0.2362,r,V1r
2017-10-25T02:35:08,58051.108,51.108,1.363,0.4,19.378,23.601,24.429,0.2897,r,V1r
2017-10-25T02:36:16,58051.109,51.109,1.363,0.4,19.378,23.486,24.314,0.2707,r,V1r
2017-10-25T02:37:23,58051.109,51.109,1.363,0.4,19.378,23.727,24.555,0.3156,r,V1r
2017-10-25T02:39:01,58051.11,51.11,1.363,0.4,19.378,23.394,24.222,0.2529,r,V1r
2017-10-25T02:40:08,58051.111,51.111,1.363,0.4,19.378,22.986,23.814,0.1858,r,V1r
2017-10-25T02:41:39,58051.112,51.112,1.363,0.4,19.378,23.2,24.028,0.2141,r,V1r
2017-10-25T02:43:16,58051.113,51.113,1.363,0.4,19.378,22.752,23.89,0.2985,i,V1i
2017-10-25T02:44:25,58051.114,51.114,1.363,0.4,19.378,22.881,24.019,0.3322,i,V1i
2017-10-25T02:47:12,58051.116,51.116,1.363,0.4,19.378,22.574,23.712,0.2606,i,V1i
2017-10-25T02:48:24,58051.117,51.117,1.363,0.4,19.378,22.451,23.589,0.235,i,V1i
2017-10-25T02:49:35,58051.118,51.118,1.363,0.4,19.378,23.194,24.332,0.4444,i,V1i
2017-10-25T23:28:01,58051.978,51.978,1.384,0.429,20.661,23.53,22.901,0.12,B,No1B
2017-10-25T23:31:03,58051.98,51.98,1.384,0.429,20.661,23.1,22.471,0.12,B,No1B
2017-10-25T23:33:04,58051.981,51.981,1.384,0.429,20.661,23.25,22.621,0.12,B,No1B
2017-10-25T23:49:03,58051.992,51.992,1.384,0.429,20.661,23.08,22.451,0.12,B,No1B
2017-10-25T23:50:55,58051.994,51.994,1.384,0.429,20.661,22.86,22.231,0.12,B,No1B
2017-10-25T23:52:56,58051.995,51.995,1.384,0.429,20.661,22.95,22.321,0.12,B,No1B
2017-10-25T23:55:58,58051.997,51.997,1.384,0.429,20.661,22.07,22.14,0.07,V,No1V
2017-10-25T23:58:59,58051.999,51.999,1.384,0.429,20.661,21.75,21.82,0.1,V,No1V
2017-10-26T00:01:00,58052.001,52.001,1.385,0.43,20.718,22.18,22.239,0.1,V,No1V
2017-10-26T00:04:01,58052.003,52.003,1.385,0.43,20.718,21.54,22.105,0.1,R,No1R
2017-10-26T00:06:02,58052.004,52.004,1.385,0.43,20.718,21.38,21.945,0.1,R,No1R
2017-10-26T00:09:04,58052.006,52.006,1.385,0.43,20.718,21.58,22.145,0.1,R,No1R
2017-10-26T00:10:56,58052.008,52.007,1.385,0.43,20.718,21.34,21.905,0.1,R,No1R
2017-10-26T00:13:58,58052.01,52.01,1.385,0.43,20.718,21.42,21.985,0.1,R,No1R
2017-10-26T00:15:59,58052.011,52.011,1.385,0.43,20.718,21.21,21.775,0.1,R,No1R
2017-10-26T00:19:00,58052.013,52.013,1.385,0.43,20.718,21.39,21.955,0.1,R,No1R
2017-10-26T00:21:01,58052.015,52.014,1.385,0.43,20.718,21.24,21.805,0.1,R,No1R
2017-10-26T00:24:02,58052.017,52.017,1.385,0.43,20.718,21.17,21.735,0.1,R,No1R
2017-10-26T00:26:03,58052.018,52.018,1.385,0.43,20.718,21.22,21.785,0.1,R,No1R
2017-10-26T00:28:01,58052.019,52.019,1.385,0.43,20.718,23.53,22.89,0.12,B,Nop1B
2017-10-26T00:31:03,58052.022,52.021,1.385,0.43,20.718,23.1,22.46,0.12,B,Nop1B
2017-10-26T00:32:58,58052.023,52.023,1.385,0.43,20.718,21.18,21.745,0.1,R,No1R
2017-10-26T00:33:04,58052.023,52.023,1.385,0.43,20.718,23.25,22.61,0.12,B,Nop1B
2017-10-26T00:36:00,58052.025,52.025,1.385,0.43,20.718,21.17,21.735,0.1,R,No1R
2017-10-26T00:38:00,58052.026,52.026,1.385,0.43,20.718,21.75,21.809,0.1,V,No1V
2017-10-26T00:41:02,58052.029,52.028,1.385,0.43,20.718,21.69,21.749,0.1,V,No1V
2017-10-26T00:43:03,58052.03,52.03,1.385,0.43,20.718,21.68,21.739,0.1,V,No1V
2017-10-26T00:46:56,58052.033,52.032,1.385,0.43,20.718,22.63,21.99,0.12,B,No1B
2017-10-26T00:48:57,58052.034,52.034,1.385,0.43,20.718,22.46,21.82,0.12,B,No1B
2017-10-26T00:49:03,58052.034,52.034,1.385,0.43,20.718,23.08,22.44,0.12,B,Nop1B
2017-10-26T00:50:55,58052.035,52.035,1.385,0.43,20.718,22.86,22.22,0.12,B,Nop1B
2017-10-26T00:50:58,58052.035,52.035,1.385,0.43,20.718,22.71,22.07,0.12,B,No1B
2017-10-26T00:52:56,58052.037,52.037,1.385,0.43,20.718,22.95,22.31,0.12,B,Nop1B
2017-10-26T00:55:58,58052.039,52.039,1.385,0.43,20.718,22.07,22.129,0.07,V,Nop1V
2017-10-26T00:58:59,58052.041,52.041,1.385,0.43,20.718,21.75,21.809,0.1,V,Nop1V
2017-10-26T01:01:00,58052.042,52.042,1.386,0.431,20.775,22.18,22.228,0.1,V,Nop1V
2017-10-26T01:04:01,58052.044,52.044,1.386,0.431,20.775,21.54,22.095,0.1,R,Nop1R
2017-10-26T01:06:02,58052.046,52.046,1.386,0.431,20.775,21.38,21.935,0.1,R,Nop1R
2017-10-26T01:09:04,58052.048,52.048,1.386,0.431,20.775,21.58,22.135,0.1,R,Nop1R
2017-10-26T01:10:03,58052.049,52.048,1.386,0.431,20.775,21.187,21.758,0.0827,r,G2r
2017-10-26T01:10:56,58052.049,52.049,1.386,0.431,20.775,21.34,21.895,0.1,R,Nop1R
2017-10-26T01:11:13,58052.049,52.049,1.386,0.431,20.775,21.708,22.279,0.1848,r,G2r
2017-10-26T01:12:23,58052.05,52.05,1.386,0.431,20.775,21.362,21.933,0.1092,r,G2r
2017-10-26T01:13:29,58052.051,52.051,1.386,0.431,20.775,21.367,21.938,0.1284,r,G2r
2017-10-26T01:13:58,58052.051,52.051,1.386,0.431,20.775,21.42,21.975,0.1,R,Nop1R
2017-10-26T01:14:37,58052.052,52.052,1.386,0.431,20.775,21.013,21.584,0.0854,r,G2r
2017-10-26T01:15:49,58052.053,52.052,1.386,0.431,20.775,22.367,22.098,0.2289,g,G2gx
2017-10-26T01:15:59,58052.053,52.053,1.386,0.431,20.775,21.21,21.765,0.1,R,Nop1R
2017-10-26T01:16:55,58052.053,52.053,1.386,0.431,20.775,22.046,21.777,0.1789,g,G2gx
2017-10-26T01:15:49,58052.053,52.052,1.386,0.431,20.775,22.367,22.098,0.23,g,G2g
2017-10-26T01:18:03,58052.054,52.054,1.386,0.431,20.775,22.798,22.529,0.4209,g,G2gx
2017-10-26T01:19:00,58052.055,52.055,1.386,0.431,20.775,21.39,21.945,0.1,R,Nop1R
2017-10-26T01:20:54,58052.056,52.056,1.386,0.431,20.775,22.679,22.41,0.1065,g,G2g
2017-10-26T01:21:01,58052.056,52.056,1.386,0.431,20.775,21.24,21.795,0.1,R,Nop1R
2017-10-26T01:22:01,58052.057,52.057,1.386,0.431,20.775,22.674,22.405,0.1063,g,G2g
2017-10-26T01:23:07,58052.058,52.058,1.386,0.431,20.775,22.78,22.511,0.1192,g,G2g
2017-10-26T01:24:02,58052.058,52.058,1.386,0.431,20.775,21.17,21.725,0.1,R,Nop1R
2017-10-26T01:24:14,58052.058,52.058,1.386,0.431,20.775,22.729,22.46,0.1215,g,G2g
2017-10-26T01:25:20,58052.059,52.059,1.386,0.431,20.775,22.636,22.367,0.1069,g,G2g
2017-10-26T01:26:03,58052.06,52.06,1.386,0.431,20.775,21.22,21.775,0.1,R,Nop1R
2017-10-26T01:26:27,58052.06,52.06,1.386,0.431,20.775,22.772,22.503,0.1112,g,G2g
2017-10-26T01:27:33,58052.061,52.061,1.386,0.431,20.775,22.602,22.333,0.1015,g,G2g
2017-10-26T01:28:45,58052.062,52.061,1.386,0.431,20.775,21.791,22.362,0.0573,r,G2r
2017-10-26T01:29:54,58052.062,52.062,1.386,0.431,20.775,21.849,22.42,0.0622,r,G2r
2017-10-26T01:31:01,58052.063,52.063,1.386,0.431,20.775,21.937,22.508,0.0662,r,G2r
2017-10-26T01:32:08,58052.064,52.064,1.386,0.431,20.775,21.997,22.568,0.0664,r,G2r
2017-10-26T01:32:58,58052.065,52.064,1.386,0.431,20.775,21.18,21.735,0.1,R,Nop1R
2017-10-26T01:33:15,58052.065,52.065,1.386,0.431,20.775,22.028,22.599,0.0716,r,G2r
2017-10-26T01:34:23,58052.066,52.065,1.386,0.431,20.775,21.574,22.145,0.0483,r,G2r
2017-10-26T01:35:30,58052.066,52.066,1.386,0.431,20.775,21.672,22.243,0.0523,r,G2r
2017-10-26T01:36:00,58052.067,52.066,1.386,0.431,20.775,21.17,21.725,0.1,R,Nop1R
2017-10-26T01:36:40,58052.067,52.067,1.386,0.431,20.775,21.824,22.395,0.0634,r,G2r
2017-10-26T01:37:47,58052.068,52.068,1.386,0.431,20.775,22.029,22.6,0.0849,r,G2r
2017-10-26T01:38:00,58052.068,52.068,1.386,0.431,20.775,21.75,21.798,0.1,V,Nop1V
2017-10-26T01:38:59,58052.069,52.069,1.386,0.431,20.775,21.468,22.349,0.0609,i,G2i
2017-10-26T01:40:05,58052.07,52.069,1.386,0.431,20.775,21.598,22.479,0.0714,i,G2i
2017-10-26T01:41:02,58052.07,52.07,1.386,0.431,20.775,21.69,21.738,0.1,V,Nop1V
2017-10-26T01:41:12,58052.07,52.07,1.386,0.431,20.775,21.582,22.463,0.0699,i,G2i
2017-10-26T01:42:22,58052.071,52.071,1.386,0.431,20.775,21.618,22.499,0.0708,i,G2i
2017-10-26T01:43:03,58052.072,52.071,1.386,0.431,20.775,21.68,21.728,0.1,V,Nop1V
2017-10-26T01:43:27,58052.072,52.072,1.386,0.431,20.775,21.469,22.35,0.0638,i,G2i
2017-10-26T01:44:37,58052.073,52.072,1.386,0.431,20.775,21.5,22.381,0.0657,i,G2i
2017-10-26T01:45:45,58052.073,52.073,1.386,0.431,20.775,21.615,22.496,0.0695,i,G2i
2017-10-26T01:46:53,58052.074,52.074,1.386,0.431,20.775,21.704,22.585,0.0766,i,G2i
2017-10-26T01:46:56,58052.074,52.074,1.386,0.431,20.775,22.63,21.979,0.12,B,Nop1B
2017-10-26T01:48:01,58052.075,52.075,1.386,0.431,20.775,21.693,22.574,0.0739,i,G2i
2017-10-26T01:48:57,58052.076,52.075,1.386,0.431,20.775,22.46,21.809,0.12,B,Nop1B
2017-10-26T01:49:08,58052.076,52.076,1.386,0.431,20.775,21.645,22.526,0.0702,i,G2i
2017-10-26T01:50:19,58052.077,52.076,1.386,0.431,20.775,20.151,20.722,0.0179,r,G2r
2017-10-26T01:50:58,58052.077,52.077,1.386,0.431,20.775,22.71,22.059,0.12,B,Nop1B
2017-10-26T01:51:26,58052.077,52.077,1.386,0.431,20.775,21.9,22.471,0.0642,r,G2r
2017-10-26T01:52:35,58052.078,52.078,1.386,0.431,20.775,21.893,22.464,0.0584,r,G2r
2017-10-26T01:53:44,58052.079,52.079,1.386,0.431,20.775,22.049,22.62,0.0681,r,G2r
2017-10-26T01:54:51,58052.08,52.08,1.386,0.431,20.775,21.863,22.434,0.0602,r,G2r
2017-10-26T01:55:57,58052.081,52.08,1.386,0.431,20.775,21.971,22.542,0.0622,r,G2r
2017-10-26T01:57:06,58052.081,52.081,1.386,0.431,20.775,21.862,22.433,0.0595,r,G2r
2017-10-26T01:58:12,58052.082,52.082,1.386,0.431,20.775,21.794,22.365,0.0554,r,G2r
2017-10-26T01:59:19,58052.083,52.083,1.386,0.431,20.775,21.871,22.442,0.0574,r,G2r
2017-10-26T02:01:41,58052.085,52.084,1.387,0.433,20.832,21.159,22.129,0.0821,z,G2z
2017-10-26T02:02:51,58052.085,52.085,1.387,0.433,20.832,21.37,22.34,0.0976,z,G2z
2017-10-26T02:06:47,58052.088,52.088,1.387,0.433,20.832,21.148,22.118,0.0797,z,G2z
2017-10-26T02:07:55,58052.089,52.089,1.387,0.433,20.832,21.416,22.386,0.1032,z,G2z
2017-10-26T02:09:03,58052.09,52.089,1.387,0.433,20.832,21.396,22.366,0.0979,z,G2z
2017-10-26T02:10:09,58052.09,52.09,1.387,0.433,20.832,21.438,22.408,0.1018,z,G2z
2017-10-26T02:11:17,58052.091,52.091,1.387,0.433,20.832,21.925,22.895,0.1603,z,G2z
2017-10-26T02:12:25,58052.092,52.092,1.387,0.433,20.832,21.29,22.26,0.0922,z,G2z
2017-10-26T02:13:34,58052.093,52.093,1.387,0.433,20.832,21.084,22.054,0.0763,z,G2z
2017-10-26T02:14:41,58052.094,52.093,1.387,0.433,20.832,21.654,22.624,0.1298,z,G2z
2017-10-26T02:15:49,58052.094,52.094,1.387,0.433,20.832,22.063,23.033,0.1823,z,G2z
2017-10-26T02:16:55,58052.095,52.095,1.387,0.433,20.832,21.863,22.833,0.1503,z,G2z
2017-10-26T02:18:04,58052.096,52.096,1.387,0.433,20.832,21.235,22.205,0.0902,z,G2z
2017-10-26T02:19:14,58052.097,52.096,1.387,0.433,20.832,21.809,22.779,0.1466,z,G2z
2017-10-26T02:20:20,58052.097,52.097,1.387,0.433,20.832,21.043,22.013,0.0787,z,G2z
2017-10-26T02:21:27,58052.098,52.098,1.387,0.433,20.832,22.157,23.127,0.2059,z,G2z
2017-10-26T02:22:37,58052.099,52.099,1.387,0.433,20.832,21.567,22.537,0.1226,z,G2z
2017-10-26T02:23:43,58052.1,52.1,1.387,0.433,20.832,21.845,22.815,0.1676,z,G2z
2017-10-26T02:24:50,58052.101,52.1,1.387,0.433,20.832,21.377,22.347,0.1055,z,G2z
2017-10-26T02:25:57,58052.101,52.101,1.387,0.433,20.832,21.637,22.607,0.1365,z,G2z
2017-10-26T03:12:50,58052.134,52.134,1.388,0.434,20.888,23.565,23.275,0.2119,g,V2g
2017-10-26T03:13:54,58052.135,52.134,1.388,0.434,20.888,23.355,23.065,0.1914,g,V2g
2017-10-26T03:14:58,58052.135,52.135,1.388,0.434,20.888,23.942,23.652,0.2734,g,V2g
2017-10-26T03:16:01,58052.136,52.136,1.388,0.434,20.888,23.354,23.064,0.1886,g,V2g
2017-10-26T03:17:06,58052.137,52.137,1.388,0.434,20.888,23.31,23.02,0.1805,g,V2g
2017-10-26T03:19:48,58052.139,52.139,1.388,0.434,20.888,22.441,22.991,0.1252,r,V2r
2017-10-26T03:20:51,58052.139,52.139,1.388,0.434,20.888,22.543,23.093,0.1371,r,V2r
2017-10-26T03:21:55,58052.14,52.14,1.388,0.434,20.888,22.65,23.2,0.1487,r,V2r
2017-10-26T03:22:58,58052.141,52.141,1.388,0.434,20.888,22.874,23.424,0.1734,r,V2r
2017-10-26T03:24:04,58052.142,52.142,1.388,0.434,20.888,22.939,23.489,0.1736,r,V2r
2017-10-26T03:25:31,58052.143,52.143,1.388,0.434,20.888,23.448,23.998,0.2763,r,V2r
2017-10-26T03:26:34,58052.143,52.143,1.388,0.434,20.888,22.611,23.161,0.1452,r,V2r
2017-10-26T03:31:44,58052.147,52.147,1.388,0.434,20.888,23.076,23.936,0.462,i,V2i
2017-10-26T03:32:45,58052.148,52.148,1.388,0.434,20.888,21.9,22.76,0.1714,i,V2i
2017-10-26T03:33:58,58052.149,52.148,1.388,0.434,20.888,22.199,23.059,0.2244,i,V2i
2017-10-26T03:35:01,58052.149,52.149,1.388,0.434,20.888,22.743,23.603,0.3591,i,V2i
2017-10-26T03:36:12,58052.15,52.15,1.388,0.434,20.888,22.298,23.158,0.2406,i,V2i
2017-10-26T03:37:15,58052.151,52.151,1.388,0.434,20.888,22.317,23.177,0.2474,i,V2i
2017-10-26T03:38:19,58052.152,52.151,1.388,0.434,20.888,22.44,23.3,0.2702,i,V2i
2017-10-26T03:39:23,58052.152,52.152,1.388,0.434,20.888,22.431,23.291,0.2786,i,V2i
2017-10-26T03:41:04,58052.154,52.153,1.388,0.434,20.888,22.813,23.673,0.3951,i,V2i
2017-10-26T03:42:07,58052.154,52.154,1.388,0.434,20.888,22.565,23.425,0.3178,i,V2i
2017-10-26T03:43:11,58052.155,52.155,1.388,0.434,20.888,23.753,24.613,0.891,i,V2i
2017-10-26T03:44:16,58052.156,52.156,1.388,0.434,20.888,23.212,24.072,0.5393,i,V2i
2017-10-26T03:45:24,58052.157,52.156,1.388,0.434,20.888,22.919,23.779,0.4303,i,V2i
2017-10-26T03:46:31,58052.157,52.157,1.388,0.434,20.888,22.806,23.666,0.3794,i,V2i
2017-10-26T03:47:36,58052.158,52.158,1.388,0.434,20.888,23.874,24.734,0.9997,i,V2i
2017-10-26T03:49:53,58052.16,52.159,1.388,0.434,20.888,22.837,23.797,0.5547,z,V2z
2017-10-26T03:51:41,58052.161,52.161,1.388,0.434,20.888,24.96,25.92,3.7276,z,V2z
2017-10-26T03:52:52,58052.162,52.162,1.388,0.434,20.888,22.008,22.968,0.2623,z,V2z
2017-10-26T03:53:55,58052.162,52.162,1.388,0.434,20.888,22.28,23.24,0.3286,z,V2z
2017-10-26T03:54:59,58052.163,52.163,1.388,0.434,20.888,24.265,25.225,2.0502,z,V2z
2017-10-26T03:56:03,58052.164,52.164,1.388,0.434,20.888,24.91,25.87,3.6587,z,V2z
2017-10-26T03:57:06,58052.165,52.164,1.388,0.434,20.888,22.757,23.717,0.5306,z,V2z
2017-10-26T03:58:09,58052.165,52.165,1.388,0.434,20.888,22.487,23.447,0.4184,z,V2z
2017-10-26T03:59:13,58052.166,52.166,1.388,0.434,20.888,24.251,25.211,1.943,z,V2z
2017-10-26T04:02:23,58052.168,52.168,1.389,0.435,20.944,23.616,24.565,1.1227,z,V2z
2017-10-26T04:03:27,58052.169,52.169,1.389,0.435,20.944,23.955,24.904,1.5174,z,V2z
2017-10-26T04:04:31,58052.17,52.17,1.389,0.435,20.944,23.29,24.239,0.8296,z,V2z
2017-10-26T04:06:43,58052.171,52.171,1.389,0.435,20.944,21.632,22.581,0.1907,z,V2z
2017-10-26T04:08:00,58052.172,52.172,1.389,0.435,20.944,22.341,23.29,0.358,z,V2z
2017-10-26T04:09:05,58052.173,52.173,1.389,0.435,20.944,22.018,22.967,0.2655,z,V2z
2017-10-26T04:10:41,58052.174,52.174,1.389,0.435,20.944,22.325,23.274,0.3522,z,V2z
2017-10-26T04:11:49,58052.175,52.175,1.389,0.435,20.944,22.529,23.478,0.415,z,V2z
2017-10-26T04:13:00,58052.176,52.175,1.389,0.435,20.944,21.819,22.768,0.223,z,V2z
2017-10-26T04:14:11,58052.177,52.176,1.389,0.435,20.944,22.919,23.868,0.5924,z,V2z
2017-10-26T04:15:16,58052.177,52.177,1.389,0.435,20.944,22.981,23.93,0.6299,z,V2z
2017-10-26T04:16:26,58052.178,52.178,1.389,0.435,20.944,22.77,23.719,0.5231,z,V2z
2017-10-26T04:17:41,58052.179,52.179,1.389,0.435,20.944,22.109,23.058,0.2877,z,V2z
2017-10-26T04:18:49,58052.18,52.18,1.389,0.435,20.944,22.39,23.339,0.3809,z,V2z
2017-10-26T04:21:04,58052.181,52.181,1.389,0.435,20.944,23.517,23.216,0.1922,g,V2g
2017-10-26T04:22:08,58052.182,52.182,1.389,0.435,20.944,23.392,23.091,0.1724,g,V2g
2017-10-26T04:23:17,58052.183,52.183,1.389,0.435,20.944,23.356,23.055,0.1743,g,V2g
2017-10-26T04:25:04,58052.184,52.184,1.389,0.435,20.944,23.182,22.881,0.1518,g,V2g
2017-10-26T04:26:43,58052.185,52.185,1.389,0.435,20.944,23.374,23.073,0.1775,g,V2g
2017-10-27T01:51:42,58053.078,53.077,1.409,0.465,21.995,24.043,24.366,0.4757,r,G3r
2017-10-27T01:52:48,58053.078,53.078,1.409,0.465,21.995,23.293,23.616,0.2331,r,G3r
2017-10-27T01:53:59,58053.079,53.079,1.409,0.465,21.995,23.704,24.027,0.2103,r,G3r
2017-10-27T01:55:12,58053.08,53.08,1.409,0.465,21.995,23.447,23.77,0.2647,r,G3r
2017-10-27T01:56:18,58053.081,53.08,1.409,0.465,21.995,23.588,23.911,0.2719,r,G3r
2017-10-27T01:57:25,58053.082,53.081,1.409,0.465,21.995,24.885,25.208,0.6106,r,G3r
2017-10-27T01:58:35,58053.082,53.082,1.409,0.465,21.995,23.217,23.54,0.1997,r,G3r
2017-10-27T01:59:41,58053.083,53.083,1.409,0.465,21.995,23.595,23.918,0.302,r,G3r
2017-10-27T02:00:49,58053.084,53.084,1.41,0.466,22.043,23.642,23.955,0.2652,r,G3r
2017-10-27T02:02:02,58053.085,53.084,1.41,0.466,22.043,23.961,23.434,0.359,g,G3g
2017-10-27T02:03:09,58053.086,53.085,1.41,0.466,22.043,24.063,23.536,0.402,g,G3g
2017-10-27T02:04:16,58053.086,53.086,1.41,0.466,22.043,24.625,24.098,0.6509,g,G3g
2017-10-27T02:06:30,58053.088,53.087,1.41,0.466,22.043,26.045,25.518,1.6571,g,G3g
2017-10-27T02:07:35,58053.089,53.088,1.41,0.466,22.043,24.791,24.264,0.7728,g,G3g
2017-10-27T02:09:50,58053.09,53.09,1.41,0.466,22.043,23.776,23.249,0.3047,g,G3g
2017-10-27T02:10:57,58053.091,53.091,1.41,0.466,22.043,26.973,26.446,5.9869,g,G3g
2017-10-27T02:13:16,58053.093,53.092,1.41,0.466,22.043,23.781,24.094,0.2333,r,G3r
2017-10-27T02:14:26,58053.093,53.093,1.41,0.466,22.043,23.775,24.088,0.2341,r,G3r
2017-10-27T02:15:31,58053.094,53.094,1.41,0.466,22.043,24.082,24.395,0.3003,r,G3r
2017-10-27T02:16:40,58053.095,53.095,1.41,0.466,22.043,24.407,24.72,0.385,r,G3r
2017-10-27T02:17:46,58053.096,53.095,1.41,0.466,22.043,23.904,24.217,0.2456,r,G3r
2017-10-27T02:18:55,58053.096,53.096,1.41,0.466,22.043,23.2,23.513,0.1757,r,G3r
2017-10-27T02:20:05,58053.097,53.097,1.41,0.466,22.043,24.18,24.493,0.336,r,G3r
2017-10-27T02:21:14,58053.098,53.098,1.41,0.466,22.043,23.472,23.785,0.2106,r,G3r
2017-10-27T02:22:20,58053.099,53.098,1.41,0.466,22.043,23.752,24.065,0.2187,r,G3r
2017-10-27T02:23:32,58053.1,53.099,1.41,0.466,22.043,23.253,23.876,0.2084,i,G3i
2017-10-27T02:24:41,58053.1,53.1,1.41,0.466,22.043,23.491,24.114,0.2113,i,G3i
2017-10-27T02:25:48,58053.101,53.101,1.41,0.466,22.043,23.576,24.199,0.2587,i,G3i
2017-10-27T02:26:59,58053.102,53.102,1.41,0.466,22.043,23.997,24.62,0.3747,i,G3i
2017-10-27T02:28:07,58053.103,53.102,1.41,0.466,22.043,23.11,23.733,0.1619,i,G3i
2017-10-27T02:29:15,58053.104,53.103,1.41,0.466,22.043,24.242,24.865,0.4422,i,G3i
2017-10-27T02:33:15,58053.106,53.106,1.41,0.466,22.043,22.915,23.538,0.133,i,G3i
2017-10-27T02:34:22,58053.107,53.107,1.41,0.466,22.043,23.822,24.445,0.3008,i,G3i
2017-10-27T02:35:30,58053.108,53.108,1.41,0.466,22.043,22.109,22.732,0.0583,i,G3i
2017-10-27T02:36:42,58053.109,53.108,1.41,0.466,22.043,23.481,23.794,0.2174,r,G3r
2017-10-27T02:37:48,58053.11,53.109,1.41,0.466,22.043,22.578,22.891,0.1054,r,G3r
2017-10-27T02:38:57,58053.11,53.11,1.41,0.466,22.043,22.73,23.043,0.0881,r,G3r
2017-10-27T02:40:06,58053.111,53.111,1.41,0.466,22.043,23.339,23.652,0.1457,r,G3r
2017-10-27T02:41:13,58053.112,53.112,1.41,0.466,22.043,23.215,23.528,0.1386,r,G3r
2017-10-27T02:42:20,58053.113,53.112,1.41,0.466,22.043,23.209,23.522,0.1275,r,G3r
2017-10-27T02:43:28,58053.114,53.113,1.41,0.466,22.043,23.854,24.167,0.2547,r,G3r
2017-10-27T02:44:35,58053.114,53.114,1.41,0.466,22.043,23.457,23.77,0.1841,r,G3r
2017-10-27T02:45:42,58053.115,53.115,1.41,0.466,22.043,22.774,23.087,0.1023,r,G3r
2017-10-27T02:46:57,58053.116,53.116,1.41,0.466,22.043,22.802,23.525,0.2526,z,G3z
2017-10-27T02:48:03,58053.117,53.116,1.41,0.466,22.043,21.805,22.528,0.1588,z,G3z
2017-10-27T02:49:13,58053.118,53.117,1.41,0.466,22.043,23.186,23.909,0.3102,z,G3z
2017-10-27T02:50:22,58053.118,53.118,1.41,0.466,22.043,22.417,23.14,0.1873,z,G3z
2017-10-27T02:51:31,58053.119,53.119,1.41,0.466,22.043,22.37,23.093,0.1901,z,G3z
2017-10-27T02:52:37,58053.12,53.119,1.41,0.466,22.043,21.62,22.343,0.1364,z,G3z
2017-10-27T02:53:45,58053.121,53.12,1.41,0.466,22.043,21.512,22.235,0.1232,z,G3z
2017-10-27T02:54:54,58053.121,53.121,1.41,0.466,22.043,22.258,22.981,0.2557,z,G3z
2017-10-27T02:56:04,58053.122,53.122,1.41,0.466,22.043,22.173,22.896,0.218,z,G3z
2017-10-27T02:57:12,58053.123,53.123,1.41,0.466,22.043,21.505,22.228,0.1011,z,G3z
2017-10-27T02:58:18,58053.124,53.123,1.41,0.466,22.043,22.129,22.852,0.2099,z,G3z
2017-10-27T02:59:26,58053.125,53.124,1.41,0.466,22.043,21.72,22.443,0.1112,z,G3z
2017-10-27T03:00:32,58053.125,53.125,1.41,0.466,22.043,22.17,22.893,0.1424,z,G3z
2017-10-27T03:01:41,58053.126,53.126,1.411,0.467,22.09,21.705,22.419,0.1403,z,G3z
2017-10-27T03:02:51,58053.127,53.127,1.411,0.467,22.09,22.596,23.31,0.2491,z,G3z
2017-10-27T03:04:00,58053.128,53.127,1.411,0.467,22.09,21.564,22.278,0.084,z,G3z
2017-10-27T03:05:07,58053.129,53.128,1.411,0.467,22.09,21.52,22.234,0.1175,z,G3z
2017-10-27T03:06:17,58053.129,53.129,1.411,0.467,22.09,22.097,22.811,0.1447,z,G3z
2017-10-27T03:07:24,58053.13,53.13,1.411,0.467,22.09,21.856,22.57,0.0975,z,G3z
2017-10-27T03:08:31,58053.131,53.131,1.411,0.467,22.09,21.677,22.391,0.1314,z,G3z
2017-10-27T03:09:39,58053.132,53.131,1.411,0.467,22.09,21.726,22.44,0.1457,z,G3z
2017-10-27T03:10:48,58053.133,53.132,1.411,0.467,22.09,21.587,22.301,0.1295,z,G3z
2017-10-27T03:11:57,58053.133,53.133,1.411,0.467,22.09,21.861,22.575,0.1605,z,G3z
2017-10-27T03:13:05,58053.134,53.134,1.411,0.467,22.09,21.377,22.091,0.1075,z,G3z
2017-10-27T03:14:13,58053.135,53.134,1.411,0.467,22.09,21.415,22.129,0.1076,z,G3z
2017-10-27T03:15:21,58053.136,53.135,1.411,0.467,22.09,21.549,22.263,0.0938,z,G3z
2017-10-27T03:16:28,58053.136,53.136,1.411,0.467,22.09,21.31,22.024,0.1057,z,G3z
2017-10-27T03:17:37,58053.137,53.137,1.411,0.467,22.09,21.422,22.136,0.1052,z,G3z
2017-10-27T03:18:45,58053.138,53.138,1.411,0.467,22.09,21.632,22.346,0.124,z,G3z
2017-10-27T03:19:52,58053.139,53.138,1.411,0.467,22.09,21.811,22.525,0.0921,z,G3z
2017-10-27T03:20:58,58053.14,53.139,1.411,0.467,22.09,21.97,22.684,0.1426,z,G3z
2017-10-27T03:22:05,58053.14,53.14,1.411,0.467,22.09,21.998,22.712,0.1804,z,G3z
2017-10-27T03:23:14,58053.141,53.141,1.411,0.467,22.09,21.633,22.347,0.1286,z,G3z
2017-10-27T03:24:23,58053.142,53.142,1.411,0.467,22.09,21.891,22.605,0.0975,z,G3z
2017-10-27T03:25:31,58053.143,53.142,1.411,0.467,22.09,21.017,21.731,0.0622,z,G3z
2017-10-27T03:26:38,58053.143,53.143,1.411,0.467,22.09,21.383,22.097,0.1056,z,G3z
2017-10-27T03:27:44,58053.144,53.144,1.411,0.467,22.09,21.655,22.369,0.1585,z,G3z
2017-10-27T03:28:54,58053.145,53.145,1.411,0.467,22.09,21.268,21.982,0.1123,z,G3z
2017-10-27T03:30:01,58053.146,53.145,1.411,0.467,22.09,21.463,22.177,0.1153,z,G3z
2017-10-27T03:31:07,58053.147,53.146,1.411,0.467,22.09,21.351,22.065,0.1017,z,G3z
2017-10-27T03:32:15,58053.147,53.147,1.411,0.467,22.09,20.939,21.653,0.0664,z,G3z
2017-10-27T03:33:22,58053.148,53.148,1.411,0.467,22.09,21.39,22.104,0.113,z,G3z
2017-10-27T03:34:32,58053.149,53.149,1.411,0.467,22.09,22.164,22.878,0.206,z,G3z
2017-10-27T03:35:39,58053.15,53.149,1.411,0.467,22.09,22.215,22.929,0.2245,z,G3z
2017-10-27T03:36:54,58053.151,53.15,1.411,0.467,22.09,21.747,22.051,0.0499,r,G3r
2017-10-27T03:38:01,58053.151,53.151,1.411,0.467,22.09,22.251,22.555,0.0765,r,G3r
2017-10-27T03:39:13,58053.152,53.152,1.411,0.467,22.09,22.228,22.532,0.0755,r,G3r
2017-10-27T03:40:26,58053.153,53.153,1.411,0.467,22.09,22.034,22.338,0.0686,r,G3r
2017-10-27T03:41:33,58053.154,53.153,1.411,0.467,22.09,21.939,22.243,0.0597,r,G3r
2017-10-27T03:42:41,58053.155,53.154,1.411,0.467,22.09,22.188,22.492,0.0555,r,G3r
2017-10-27T03:43:50,58053.155,53.155,1.411,0.467,22.09,21.778,22.082,0.0518,r,G3r
2017-10-27T03:44:58,58053.156,53.156,1.411,0.467,22.09,21.96,22.264,0.0566,r,G3r
2017-10-27T03:46:05,58053.157,53.157,1.411,0.467,22.09,21.893,22.197,0.0546,r,G3r
2017-10-27T03:47:30,58053.158,53.158,1.411,0.467,22.09,22.214,23.278,0.8434,y,G3yl
2017-10-27T03:48:39,58053.159,53.158,1.411,0.467,22.09,21.067,22.131,0.2832,y,G3y
2017-10-27T03:50:57,58053.16,53.16,1.411,0.467,22.09,22.373,23.437,1.0044,y,G3yl
2017-10-27T03:53:12,58053.162,53.162,1.411,0.467,22.09,21.58,22.644,0.4352,y,G3yl
2017-10-27T03:54:19,58053.163,53.162,1.411,0.467,22.09,20.772,21.836,0.211,y,G3yl
2017-10-27T03:55:16,58053.163,53.163,1.411,0.467,22.09,20.654,21.718,0.2087,y,G3yAgrs
2017-10-27T03:55:27,58053.164,53.163,1.411,0.467,22.09,20.038,21.102,0.113,y,G3yl
2017-10-27T03:56:38,58053.164,53.164,1.411,0.467,22.09,20.356,21.42,0.1687,y,G3yl
2017-10-27T03:57:46,58053.165,53.165,1.411,0.467,22.09,20.773,21.837,0.226,y,G3yl
2017-10-27T03:58:53,58053.166,53.166,1.411,0.467,22.09,20.922,21.986,0.2508,y,G3yl
2017-10-27T04:03:57,58053.169,53.169,1.412,0.469,22.136,19.358,20.412,0.1284,y,G3yl
2017-10-27T04:05:05,58053.17,53.17,1.412,0.469,22.136,19.362,20.416,0.1801,y,G3yl
2017-10-27T04:07:06,58053.172,53.171,1.412,0.469,22.136,19.342,20.396,0.1152,y,G3yl
2017-10-27T04:08:13,58053.172,53.172,1.412,0.469,22.136,19.098,20.152,0.0915,y,G3yl
2017-10-27T04:10:24,58053.174,53.173,1.412,0.469,22.136,19.872,20.926,0.1452,y,G3yAgrs
2017-10-27T04:11:37,58053.175,53.174,1.412,0.469,22.136,20.26,21.314,0.1336,y,G3yl
2017-10-27T04:12:47,58053.176,53.175,1.412,0.469,22.136,20.19,21.244,0.1245,y,G3yl
2017-10-27T04:13:54,58053.176,53.176,1.412,0.469,22.136,21.101,22.155,0.2955,y,G3y
2017-10-27T04:15:01,58053.177,53.177,1.412,0.469,22.136,20.069,21.123,0.1266,y,G3yl
2017-10-27T04:16:07,58053.178,53.177,1.412,0.469,22.136,20.072,21.126,0.1116,y,G3yl
2017-10-27T04:17:14,58053.179,53.178,1.412,0.469,22.136,19.975,21.029,0.1094,y,G3yl
2017-10-27T04:18:23,58053.179,53.179,1.412,0.469,22.136,19.156,20.21,0.0814,y,G3yl
2017-10-27T04:19:31,58053.18,53.18,1.412,0.469,22.136,20.014,21.068,0.3548,y,G3yl
2017-10-27T04:20:41,58053.181,53.181,1.412,0.469,22.136,19.802,20.856,0.108,y,G3yl
2017-10-27T04:22:49,58053.183,53.182,1.412,0.469,22.136,19.788,20.842,0.118,y,G3yAglrs
2017-10-27T04:22:57,58053.183,53.182,1.412,0.469,22.136,20.43,21.484,0.1625,y,G3yl
2017-10-27T04:24:07,58053.183,53.183,1.412,0.469,22.136,19.793,20.847,0.1374,y,G3yl
2017-10-27T04:25:15,58053.184,53.184,1.412,0.469,22.136,19.703,20.757,0.1188,y,G3yl
2017-10-27T04:26:25,58053.185,53.185,1.412,0.469,22.136,19.197,20.251,0.0819,y,G3yl
2017-10-27T04:27:33,58053.186,53.185,1.412,0.469,22.136,20.255,21.309,0.1448,y,G3yl
2017-10-27T04:28:39,58053.187,53.186,1.412,0.469,22.136,21.842,22.896,0.3686,y,G3y
2017-10-27T04:29:50,58053.187,53.187,1.412,0.469,22.136,19.224,20.278,0.1236,y,G3yl
2017-10-27T04:30:59,58053.188,53.188,1.412,0.469,22.136,21.417,22.471,0.3708,y,G3y
2017-10-27T04:34:21,58053.191,53.19,1.412,0.469,22.136,21.482,22.536,0.3492,y,G3y
2017-10-27T04:35:49,58053.192,53.191,1.412,0.469,22.136,20.086,21.14,0.149,y,G3yAgrs
2017-10-27T04:36:41,58053.192,53.192,1.412,0.469,22.136,20.346,21.4,0.1574,y,G3yl
2017-10-27T04:37:49,58053.193,53.193,1.412,0.469,22.136,19.768,20.822,0.0932,y,G3yl
2017-10-27T04:38:56,58053.194,53.193,1.412,0.469,22.136,21.008,22.062,0.2219,y,G3yl
2017-10-27T04:40:09,58053.195,53.194,1.412,0.469,22.136,23.691,24.745,2.668,y,G3yl
2017-10-27T04:41:17,58053.195,53.195,1.412,0.469,22.136,22.711,23.765,1.0635,y,G3yl
2017-10-27T04:42:28,58053.196,53.196,1.412,0.469,22.136,20.788,21.842,0.1981,y,G3yl
2017-10-27T04:43:34,58053.197,53.197,1.412,0.469,22.136,21.653,22.707,0.433,y,G3y
2017-10-27T04:44:41,58053.198,53.197,1.412,0.469,22.136,21.489,22.543,0.3408,y,G3y
2017-10-27T04:47:43,58053.2,53.199,1.412,0.469,22.136,20.75,21.804,0.1945,y,G3yAgrs
2017-10-27T04:48:06,58053.2,53.2,1.412,0.469,22.136,21.611,22.665,0.4109,y,G3y
2017-10-27T04:49:13,58053.201,53.2,1.412,0.469,22.136,21.006,22.06,0.2307,y,G3yl
2017-10-27T04:50:19,58053.202,53.201,1.412,0.469,22.136,23.215,24.269,1.6476,y,G3yll
2017-10-27T04:51:29,58053.202,53.202,1.412,0.469,22.136,20.457,21.511,0.1549,y,G3yl
2017-10-27T04:53:48,58053.204,53.204,1.412,0.469,22.136,21.86,22.914,0.5323,y,G3y
2017-10-27T04:54:58,58053.205,53.204,1.412,0.469,22.136,22.313,23.367,0.7754,y,G3yl
2017-10-27T04:56:04,58053.206,53.205,1.412,0.469,22.136,21.557,22.611,0.4119,y,G3yl
2017-10-27T04:56:15,58053.206,53.205,1.412,0.469,22.136,22.262,22.556,0.11,r,Kbr
2017-10-27T04:56:15,58053.206,53.205,1.412,0.469,22.136,23.073,23.367,0.045,r,K3r
2017-10-27T04:57:11,58053.206,53.206,1.412,0.469,22.136,21.35,22.404,0.334,y,G3yl
2017-10-27T04:58:18,58053.207,53.207,1.412,0.469,22.136,23.206,24.26,1.9574,y,G3yl
2017-10-27T04:59:17,58053.208,53.207,1.412,0.469,22.136,21.695,22.299,0.106,i,Kbi
2017-10-27T04:59:17,58053.208,53.207,1.412,0.469,22.136,22.541,23.145,0.035,i,K3i
2017-10-27T04:59:26,58053.208,53.208,1.412,0.469,22.136,20.864,21.918,0.2375,y,G3yl
2017-10-27T05:00:32,58053.209,53.208,1.412,0.469,22.136,20.254,21.308,0.1162,y,G3yl
2017-10-27T05:01:59,58053.21,53.209,1.413,0.47,22.183,21.65,22.244,0.106,i,Kbi
2017-10-27T05:01:59,58053.21,53.209,1.413,0.47,22.183,22.496,23.09,0.035,i,K3i
2017-10-27T05:05:09,58053.212,53.212,1.413,0.47,22.183,22.461,23.505,0.9123,y,G3yl
2017-10-27T05:05:47,58053.212,53.212,1.413,0.47,22.183,20.681,21.725,0.198,y,G3yAgrs
2017-10-27T05:06:16,58053.213,53.212,1.413,0.47,22.183,20.774,21.818,0.2167,y,G3yl
2017-10-27T05:08:31,58053.214,53.214,1.413,0.47,22.183,20.698,21.742,0.2078,y,G3yl
2017-10-27T05:13:04,58053.217,53.217,1.413,0.47,22.183,21.267,22.311,0.3652,y,G3yl
2017-10-27T05:14:14,58053.218,53.218,1.413,0.47,22.183,20.818,21.862,0.2121,y,G3yl
2017-10-27T05:15:39,58053.219,53.219,1.413,0.47,22.183,23.124,23.408,0.1625,r,G3r
2017-10-27T05:16:47,58053.22,53.22,1.413,0.47,22.183,23.411,23.695,0.2048,r,G3r
2017-10-27T05:17:55,58053.221,53.22,1.413,0.47,22.183,23.393,23.677,0.2082,r,G3r
2017-10-27T05:19:05,58053.222,53.221,1.413,0.47,22.183,24.375,24.659,0.5054,r,G3r
2017-10-27T05:20:11,58053.222,53.222,1.413,0.47,22.183,23.456,23.74,0.2214,r,G3r
2017-10-27T05:21:21,58053.223,53.223,1.413,0.47,22.183,24.078,24.362,0.3902,r,G3r
2017-10-27T05:21:34,58053.223,53.223,1.413,0.47,22.183,23.241,23.835,0.167,i,Kbi
2017-10-27T05:21:34,58053.223,53.223,1.413,0.47,22.183,24.087,24.681,0.134,i,K3i
2017-10-27T05:22:31,58053.224,53.224,1.413,0.47,22.183,23.315,23.599,0.1958,r,G3r
2017-10-27T05:23:38,58053.225,53.224,1.413,0.47,22.183,23.914,24.198,0.3452,r,G3r
2017-10-27T05:24:45,58053.226,53.225,1.413,0.47,22.183,24.358,24.642,0.4279,r,G3r
2017-10-27T05:39:35,58053.236,53.235,1.413,0.47,22.183,24.739,24.97,0.5895,w,c3w
2017-10-27T05:41:27,58053.237,53.237,1.413,0.47,22.183,24.23,24.461,0.3689,w,c3w
2017-10-27T05:43:18,58053.238,53.238,1.413,0.47,22.183,25.023,25.254,0.7583,w,c3w
2017-10-27T05:45:10,58053.24,53.239,1.413,0.47,22.183,23.679,23.91,0.2214,w,c3w
2017-10-27T05:47:01,58053.241,53.241,1.413,0.47,22.183,23.834,24.065,0.2525,w,c3w
2017-10-27T05:48:52,58053.242,53.242,1.413,0.47,22.183,23.678,23.909,0.2199,w,c3w
2017-10-27T05:48:54,58053.242,53.242,1.413,0.47,22.183,22.773,23.057,0.11,r,Kbr
2017-10-27T05:48:54,58053.242,53.242,1.413,0.47,22.183,23.584,23.868,0.046,r,K3r
2017-10-27T05:50:45,58053.244,53.243,1.413,0.47,22.183,24.561,24.792,0.4929,w,c3w
2017-10-27T05:52:36,58053.245,53.244,1.413,0.47,22.183,23.641,23.872,0.2105,w,c3w
2017-10-27T05:53:59,58053.246,53.245,1.413,0.47,22.183,23.088,23.682,0.127,i,Kbi
2017-10-27T05:53:59,58053.246,53.245,1.413,0.47,22.183,23.934,24.528,0.079,i,K3i
2017-10-27T05:54:28,58053.246,53.246,1.413,0.47,22.183,23.465,23.696,0.1801,w,c3w
2017-10-27T05:56:19,58053.247,53.247,1.413,0.47,22.183,23.867,24.098,0.2555,w,c3w
2017-10-27T05:56:29,58053.248,53.247,1.413,0.47,22.183,22.97,23.254,0.113,r,Kbr
2017-10-27T05:56:29,58053.248,53.247,1.413,0.47,22.183,23.781,24.065,0.053,r,K3r
2017-10-27T05:58:11,58053.249,53.248,1.413,0.47,22.183,23.97,24.201,0.2842,w,c3w
2017-10-27T05:59:18,58053.25,53.249,1.413,0.47,22.183,22.504,23.098,0.114,i,Kbi
2017-10-27T05:59:18,58053.25,53.249,1.413,0.47,22.183,23.35,23.944,0.054,i,K3i
2017-10-27T06:00:02,58053.25,53.25,1.413,0.47,22.183,23.821,24.052,0.2493,w,c3w
2017-10-27T06:01:42,58053.251,53.251,1.414,0.472,22.228,22.906,23.18,0.112,r,Kbr
2017-10-27T06:01:42,58053.251,53.251,1.414,0.472,22.228,23.717,23.991,0.05,r,K3r
2017-10-27T06:01:54,58053.251,53.251,1.414,0.472,22.228,23.754,23.975,0.237,w,c3w
2017-10-27T06:03:45,58053.253,53.252,1.414,0.472,22.228,23.714,23.935,0.2255,w,c3w
2017-10-27T06:05:36,58053.254,53.253,1.414,0.472,22.228,23.198,23.419,0.1402,w,c3w
2017-10-27T06:07:28,58053.255,53.255,1.414,0.472,22.228,23.543,23.764,0.1936,w,c3w
2017-10-27T06:09:19,58053.256,53.256,1.414,0.472,22.228,23.455,23.676,0.18,w,c3w
2017-10-27T06:11:11,58053.258,53.257,1.414,0.472,22.228,23.423,23.644,0.168,w,c3w
2017-10-27T06:13:02,58053.259,53.259,1.414,0.472,22.228,22.956,23.177,0.1111,w,c3w
2017-10-27T06:14:54,58053.26,53.26,1.414,0.472,22.228,23.163,23.384,0.1356,w,c3w
2017-10-27T06:16:58,58053.262,53.261,1.414,0.472,22.228,22.966,23.187,0.1148,w,c3w
2017-10-27T06:27:47,58053.269,53.269,1.414,0.472,22.228,23.262,23.483,0.074,w,c3w
2017-10-27T06:30:34,58053.271,53.271,1.414,0.472,22.228,23.047,23.268,0.1218,w,c3w
2017-10-27T06:32:25,58053.273,53.272,1.414,0.472,22.228,22.833,23.054,0.1005,w,c3w
2017-10-27T06:34:17,58053.274,53.273,1.414,0.472,22.228,22.838,23.059,0.1002,w,c3w
2017-10-27T06:36:08,58053.275,53.275,1.414,0.472,22.228,22.733,22.954,0.0899,w,c3w
2017-10-27T06:38:00,58053.276,53.276,1.414,0.472,22.228,22.623,22.844,0.0826,w,c3w
2017-10-27T06:39:32,58053.277,53.277,1.414,0.472,22.228,22.6,22.714,0.26,Uz,U3z
2017-10-27T06:39:51,58053.278,53.277,1.414,0.472,22.228,22.491,22.712,0.0731,w,c3w
2017-10-27T06:41:43,58053.279,53.279,1.414,0.472,22.228,22.514,22.735,0.0748,w,c3w
2017-10-27T06:43:35,58053.28,53.28,1.414,0.472,22.228,22.54,22.761,0.0766,w,c3w
2017-10-27T06:45:26,58053.282,53.281,1.414,0.472,22.228,22.338,22.559,0.0634,w,c3w
2017-10-27T06:47:18,58053.283,53.282,1.414,0.472,22.228,22.369,22.59,0.064,w,c3w
2017-10-27T06:49:09,58053.284,53.284,1.414,0.472,22.228,22.245,22.466,0.0574,w,c3w
2017-10-27T06:51:01,58053.285,53.285,1.414,0.472,22.228,22.258,22.479,0.0576,w,c3w
2017-10-27T06:52:52,58053.287,53.286,1.414,0.472,22.228,22.222,22.443,0.0567,w,c3w
2017-10-27T06:56:21,58053.289,53.289,1.414,0.472,22.228,22.059,22.28,0.0275,w,c3w
2017-10-27T07:00:03,58053.292,53.291,1.414,0.472,22.228,22.126,22.347,0.0289,w,c3w
2017-10-27T07:03:27,58053.294,53.294,1.415,0.473,22.273,21.8,22.304,0.28,Uy,U3y
2017-10-27T07:03:44,58053.294,53.294,1.415,0.473,22.273,22.154,22.365,0.0289,w,c3w
2017-10-27T07:07:26,58053.297,53.296,1.415,0.473,22.273,22.093,22.304,0.0284,w,c3w
2017-10-27T07:11:08,58053.299,53.299,1.415,0.473,22.273,22.1,22.311,0.0292,w,c3w
2017-10-27T07:14:49,58053.302,53.302,1.415,0.473,22.273,22.125,22.336,0.0318,w,c3w
2017-10-27T07:18:31,58053.305,53.304,1.415,0.473,22.273,22.071,22.282,0.0303,w,c3w
2017-10-27T07:22:12,58053.307,53.307,1.415,0.473,22.273,22.1,22.311,0.0317,w,c3w
2017-10-27T07:25:53,58053.31,53.309,1.415,0.473,22.273,22.145,22.356,0.0344,w,c3w
2017-10-27T07:29:35,58053.312,53.312,1.415,0.473,22.273,22.141,22.352,0.0328,w,c3w
2017-10-27T07:32:50,58053.314,53.314,1.415,0.473,22.273,22.2,22.304,0.24,Uz,U3z
2017-10-27T07:33:16,58053.315,53.314,1.415,0.473,22.273,21.996,22.207,0.0281,w,c3w
2017-10-27T07:34:53,58053.316,53.315,1.415,0.473,22.273,22.06271838,22.327,0.0585,r,GN3r
2017-10-27T07:35:37,58053.316,53.316,1.415,0.473,22.273,22.16525277,22.429,0.0643,r,GN3r
2017-10-27T07:36:58,58053.317,53.317,1.415,0.473,22.273,22.09,22.301,0.0305,w,c3w
2017-10-27T07:40:40,58053.32,53.319,1.415,0.473,22.273,22.163,22.374,0.032,w,c3w
2017-10-27T07:44:21,58053.322,53.322,1.415,0.473,22.273,22.164,22.375,0.0264,w,c3w
2017-10-27T07:48:02,58053.325,53.325,1.415,0.473,22.273,22.261,22.472,0.0352,w,c3w
2017-10-27T07:51:46,58053.328,53.327,1.415,0.473,22.273,22.162,22.373,0.0321,w,c3w
2017-10-27T07:55:28,58053.33,53.33,1.415,0.473,22.273,22.316,22.527,0.0368,w,c3w
2017-10-27T07:59:09,58053.333,53.332,1.415,0.473,22.273,22.342,22.553,0.0372,w,c3w
2017-10-27T08:02:50,58053.335,53.335,1.416,0.475,22.317,22.443,22.644,0.0421,w,c3w
2017-10-27T08:03:57,58053.336,53.336,1.416,0.475,22.317,22.1,22.594,0.25,Uy,U3y
2017-10-27T08:06:32,58053.338,53.337,1.416,0.475,22.317,22.419,22.62,0.0398,w,c3w
2017-10-27T08:10:14,58053.34,53.34,1.416,0.475,22.317,22.552,22.753,0.0457,w,c3w
2017-10-27T08:13:55,58053.343,53.343,1.416,0.475,22.317,22.503,22.704,0.0438,w,c3w
2017-10-27T08:17:37,58053.346,53.345,1.416,0.475,22.317,22.52,22.721,0.0442,w,c3w
2017-10-27T08:21:18,58053.348,53.348,1.416,0.475,22.317,22.468,22.669,0.0497,w,c3w
2017-10-27T08:25:00,58053.351,53.35,1.416,0.475,22.317,22.846,23.047,0.0587,w,c3w
2017-10-27T08:28:05,58053.353,53.352,1.416,0.475,22.317,22.6,22.694,0.3,Uz,U3z
2017-10-27T08:28:41,58053.353,53.353,1.416,0.475,22.317,22.845,23.046,0.0601,w,c3w
2017-10-27T08:32:22,58053.356,53.355,1.416,0.475,22.317,22.82,23.021,0.0588,w,c3w
2017-10-27T08:36:16,58053.359,53.358,1.416,0.475,22.317,22.912,23.113,0.0629,w,c3w
2017-10-27T08:39:57,58053.361,53.361,1.416,0.475,22.317,22.951,23.152,0.0643,w,c3w
2017-10-27T08:43:39,58053.364,53.363,1.416,0.475,22.317,23.148,23.349,0.0787,w,c3w
2017-10-27T08:47:20,58053.366,53.366,1.416,0.475,22.317,23.324,23.525,0.0935,w,c3w
2017-10-27T08:51:19,58053.369,53.369,1.416,0.475,22.317,23.616,23.817,0.1182,w,c3w
2017-10-27T08:55:01,58053.372,53.371,1.416,0.475,22.317,23.72,23.921,0.1326,w,c3w
2017-10-27T08:58:43,58053.374,53.374,1.416,0.475,22.317,23.801,24.002,0.1507,w,c3w
2017-10-27T09:02:24,58053.377,53.376,1.417,0.476,22.36,23.926,24.118,0.1621,w,c3w
2017-10-27T09:06:05,58053.379,53.379,1.417,0.476,22.36,23.979,24.171,0.1736,w,c3w
2017-10-27T09:09:47,58053.382,53.381,1.417,0.476,22.36,24.706,24.898,0.3366,w,c3w
2017-10-27T09:13:28,58053.384,53.384,1.417,0.476,22.36,24.389,24.581,0.2533,w,c3w
2017-10-27T09:17:09,58053.387,53.386,1.417,0.476,22.36,24.59,24.782,0.2999,w,c3w
2017-10-27T09:20:52,58053.389,53.389,1.417,0.476,22.36,23.556,23.748,0.1241,w,c3w
2017-10-27T09:32:09,58053.397,53.397,1.417,0.476,22.36,23.44,23.632,0.1025,w,c3w
2017-10-27T09:33:52,58053.399,53.398,1.417,0.476,22.36,23.54843752,23.793,0.2175,r,GN3r
2017-10-27T09:35:50,58053.4,53.399,1.417,0.476,22.36,23.636,23.828,0.1268,w,c3w
2017-10-27T09:35:53,58053.4,53.399,1.417,0.476,22.36,23.61967152,23.864,0.1951,r,GN3r
2017-10-27T09:37:01,58053.401,53.4,1.417,0.476,22.36,23.48769752,23.732,0.1684,r,GN3r
2017-10-27T09:38:06,58053.401,53.401,1.417,0.476,22.36,23.26522765,23.51,0.1338,r,GN3r
2017-10-27T09:39:11,58053.402,53.402,1.417,0.476,22.36,23.30205429,23.547,0.1463,r,GN3r
2017-10-27T09:39:32,58053.402,53.402,1.417,0.476,22.36,23.706,23.898,0.1273,w,c3w
2017-10-27T09:40:16,58053.403,53.403,1.417,0.476,22.36,23.33987612,23.584,0.1514,r,GN3r
2017-10-27T09:41:21,58053.404,53.403,1.417,0.476,22.36,23.13369917,23.378,0.1225,r,GN3r
2017-10-27T09:42:26,58053.404,53.404,1.417,0.476,22.36,23.46401289,23.709,0.1604,r,GN3r
2017-10-27T09:43:13,58053.405,53.405,1.417,0.476,22.36,23.575,23.767,0.1065,w,c3w
2017-10-27T09:43:31,58053.405,53.405,1.417,0.476,22.36,23.05112346,23.296,0.1104,r,GN3r
2017-10-27T09:44:35,58053.406,53.406,1.417,0.476,22.36,23.2096297,23.454,0.1275,r,GN3r
2017-10-27T09:45:40,58053.407,53.406,1.417,0.476,22.36,22.88043686,23.125,0.0921,r,GN3r
2017-10-27T09:46:45,58053.407,53.407,1.417,0.476,22.36,23.13343378,23.378,0.1157,r,GN3r
2017-10-27T09:46:54,58053.408,53.407,1.417,0.476,22.36,23.436,23.628,0.0945,w,c3w
2017-10-27T09:47:51,58053.408,53.408,1.417,0.476,22.36,23.17682254,23.421,0.1238,r,GN3r
2017-10-27T09:48:56,58053.409,53.409,1.417,0.476,22.36,22.76731179,23.012,0.0833,r,GN3r
2017-10-27T09:50:03,58053.41,53.409,1.417,0.476,22.36,23.31999042,23.565,0.1366,r,GN3r
2017-10-27T09:50:36,58053.41,53.41,1.417,0.476,22.36,23.339,23.531,0.0855,w,c3w
2017-10-27T09:51:08,58053.411,53.41,1.417,0.476,22.36,23.02847067,23.273,0.1054,r,GN3r
2017-10-27T09:52:13,58053.411,53.411,1.417,0.476,22.36,23.19904735,23.444,0.1229,r,GN3r
2017-10-27T09:53:18,58053.412,53.412,1.417,0.476,22.36,23.05672011,23.301,0.105,r,GN3r
2017-10-27T09:54:18,58053.413,53.412,1.417,0.476,22.36,23.209,23.401,0.0764,w,c3w
2017-10-27T09:54:23,58053.413,53.412,1.417,0.476,22.36,22.90099282,23.146,0.0995,r,GN3r
2017-10-27T09:55:27,58053.414,53.413,1.417,0.476,22.36,22.79775551,23.042,0.0858,r,GN3r
2017-10-27T09:56:35,58053.414,53.414,1.417,0.476,22.36,22.77049788,23.015,0.0813,r,GN3r
2017-10-27T09:57:40,58053.415,53.415,1.417,0.476,22.36,22.85095086,23.096,0.0849,r,GN3r
2017-10-27T09:57:59,58053.415,53.415,1.417,0.476,22.36,23.295,23.487,0.0792,w,c3w
2017-10-27T09:59:53,58053.417,53.416,1.417,0.476,22.36,22.9784302,23.223,0.101,r,GN3r
2017-10-27T10:00:59,58053.417,53.417,1.418,0.477,22.403,22.71186334,22.947,0.0773,r,GN3r
2017-10-27T10:01:51,58053.418,53.418,1.418,0.477,22.403,23.032,23.214,0.0645,w,c3w
2017-10-27T10:02:05,58053.418,53.418,1.418,0.477,22.403,22.59199031,22.827,0.0715,r,GN3r
2017-10-27T10:03:11,58053.419,53.418,1.418,0.477,22.403,22.7116186,22.946,0.0773,r,GN3r
2017-10-27T10:04:17,58053.42,53.419,1.418,0.477,22.403,22.52933591,22.764,0.0696,r,GN3r
2017-10-27T10:05:23,58053.42,53.42,1.418,0.477,22.403,22.58064794,22.816,0.0749,r,GN3r
2017-10-27T10:05:32,58053.421,53.42,1.418,0.477,22.403,22.689,22.871,0.0479,w,c3w
2017-10-27T10:06:28,58053.421,53.421,1.418,0.477,22.403,22.49036116,22.725,0.0673,r,GN3r
2017-10-27T10:07:35,58053.422,53.421,1.418,0.477,22.403,22.36916251,22.604,0.0604,r,GN3r
2017-10-27T10:08:40,58053.423,53.422,1.418,0.477,22.403,22.39706575,22.632,0.0603,r,GN3r
2017-10-27T10:09:14,58053.423,53.423,1.418,0.477,22.403,22.669,22.851,0.0455,w,c3w
2017-10-27T10:09:46,58053.423,53.423,1.418,0.477,22.403,22.41105555,22.646,0.0628,r,GN3r
2017-10-27T10:10:52,58053.424,53.424,1.418,0.477,22.403,22.39664167,22.632,0.062,r,GN3r
2017-10-27T10:11:59,58053.425,53.425,1.418,0.477,22.403,22.28821939,22.523,0.0563,r,GN3r
2017-10-27T10:12:58,58053.426,53.425,1.418,0.477,22.403,22.442,22.624,0.041,w,c3w
2017-10-27T10:13:04,58053.426,53.425,1.418,0.477,22.403,22.21640074,22.451,0.0529,r,GN3r
2017-10-27T10:14:11,58053.427,53.426,1.418,0.477,22.403,22.23626291,22.471,0.0538,r,GN3r
2017-10-27T10:15:16,58053.427,53.427,1.418,0.477,22.403,22.1720326,22.407,0.0509,r,GN3r
2017-10-27T10:16:23,58053.428,53.428,1.418,0.477,22.403,22.2182872,22.453,0.053,r,GN3r
2017-10-27T10:16:40,58053.428,53.428,1.418,0.477,22.403,22.442,22.624,0.0376,w,c3w
2017-10-27T10:17:29,58053.429,53.428,1.418,0.477,22.403,22.23313838,22.468,0.0522,r,GN3r
2017-10-27T10:18:35,58053.43,53.429,1.418,0.477,22.403,22.21038268,22.445,0.0541,r,GN3r
2017-10-27T10:19:41,58053.43,53.43,1.418,0.477,22.403,22.15502097,22.39,0.0502,r,GN3r
2017-10-27T10:20:21,58053.431,53.43,1.418,0.477,22.403,22.453,22.635,0.0377,w,c3w
2017-10-27T10:20:47,58053.431,53.431,1.418,0.477,22.403,22.2368594,22.472,0.0526,r,GN3r
2017-10-27T10:21:53,58053.432,53.431,1.418,0.477,22.403,22.21368447,22.449,0.0529,r,GN3r
2017-10-27T10:22:59,58053.433,53.432,1.418,0.477,22.403,22.11220532,22.347,0.0472,r,GN3r
2017-10-27T10:24:04,58053.433,53.433,1.418,0.477,22.403,22.512,22.694,0.0384,w,c3w
2017-10-27T10:24:04,58053.433,53.433,1.418,0.477,22.403,22.18592749,22.421,0.0517,r,GN3r
2017-10-27T10:25:09,58053.434,53.434,1.418,0.477,22.403,22.18585063,22.421,0.0517,r,GN3r
2017-10-27T10:26:14,58053.435,53.434,1.418,0.477,22.403,22.17215814,22.407,0.0511,r,GN3r
2017-10-27T10:27:19,58053.436,53.435,1.418,0.477,22.403,22.1323614,22.367,0.0481,r,GN3r
2017-10-27T10:27:45,58053.436,53.435,1.418,0.477,22.403,22.38,22.562,0.0379,w,c3w
2017-10-27T10:28:24,58053.436,53.436,1.418,0.477,22.403,22.17985713,22.415,0.0515,r,GN3r
2017-10-27T10:29:28,58053.437,53.437,1.418,0.477,22.403,22.09665516,22.332,0.0471,r,GN3r
2017-10-27T10:30:34,58053.438,53.437,1.418,0.477,22.403,22.16942916,22.404,0.0497,r,GN3r
2017-10-27T10:31:26,58053.438,53.438,1.418,0.477,22.403,22.352,22.534,0.0343,w,c3w
2017-10-27T10:31:41,58053.439,53.438,1.418,0.477,22.403,22.18188581,22.417,0.0545,r,GN3r
2017-10-27T10:32:46,58053.439,53.439,1.418,0.477,22.403,22.00465421,22.24,0.0443,r,GN3r
2017-10-27T10:33:52,58053.44,53.44,1.418,0.477,22.403,22.08881277,22.324,0.0489,r,GN3r
2017-10-27T10:34:57,58053.441,53.44,1.418,0.477,22.403,21.91806667,22.153,0.0434,r,GN3r
2017-10-27T10:37:09,58053.442,53.442,1.418,0.477,22.403,21.99303148,22.228,0.0439,r,GN3r
2017-10-27T10:38:15,58053.443,53.443,1.418,0.477,22.403,21.8526612,22.088,0.0399,r,GN3r
2017-10-27T10:38:50,58053.444,53.443,1.418,0.477,22.403,22.108,22.29,0.0281,w,c3w
2017-10-27T10:39:20,58053.444,53.444,1.418,0.477,22.403,21.79448425,22.029,0.0379,r,GN3r
2017-10-27T10:40:27,58053.445,53.444,1.418,0.477,22.403,21.88068078,22.116,0.042,r,GN3r
2017-10-27T10:41:32,58053.446,53.445,1.418,0.477,22.403,21.80968816,22.045,0.0375,r,GN3r
2017-10-27T10:42:31,58053.446,53.446,1.418,0.477,22.403,21.976,22.158,0.0253,w,c3w
2017-10-27T10:42:37,58053.446,53.446,1.418,0.477,22.403,21.77429667,22.009,0.0383,r,GN3r
2017-10-27T10:43:42,58053.447,53.447,1.418,0.477,22.403,21.72178795,21.957,0.0366,r,GN3r
2017-10-27T10:44:49,58053.448,53.447,1.418,0.477,22.403,21.71814853,21.953,0.0356,r,GN3r
2017-10-27T10:45:54,58053.449,53.448,1.418,0.477,22.403,21.72662321,21.961,0.0341,r,GN3r
2017-10-27T10:46:24,58053.449,53.448,1.418,0.477,22.403,21.886,22.068,0.0244,w,c3w
2017-10-27T10:47:00,58053.449,53.449,1.418,0.477,22.403,21.66968636,21.905,0.0342,r,GN3r
2017-10-27T10:48:05,58053.45,53.45,1.418,0.477,22.403,21.62774472,21.863,0.0314,r,GN3r
2017-10-27T10:49:11,58053.451,53.45,1.418,0.477,22.403,21.61248162,21.847,0.0318,r,GN3r
2017-10-27T10:50:10,58053.452,53.451,1.418,0.477,22.403,21.794,21.976,0.0229,w,c3w
2017-10-27T10:50:16,58053.452,53.451,1.418,0.477,22.403,21.56582188,21.801,0.0307,r,GN3r
2017-10-27T10:51:21,58053.452,53.452,1.418,0.477,22.403,21.53576315,21.771,0.0305,r,GN3r
2017-10-27T10:53:33,58053.454,53.453,1.418,0.477,22.403,21.5680693,21.803,0.0307,r,GN3r
2017-10-27T10:53:55,58053.454,53.454,1.418,0.477,22.403,21.843,22.025,0.0227,w,c3w
2017-10-27T10:54:38,58053.455,53.454,1.418,0.477,22.403,21.57377372,21.809,0.0324,r,GN3r
2017-10-27T10:55:43,58053.455,53.455,1.418,0.477,22.403,21.60647751,21.841,0.0325,r,GN3r
2017-10-27T10:56:48,58053.456,53.456,1.418,0.477,22.403,21.5304601,21.765,0.0305,r,GN3r
2017-10-27T10:57:36,58053.457,53.456,1.418,0.477,22.403,21.755,21.937,0.0211,w,c3w
2017-10-27T10:57:55,58053.457,53.456,1.418,0.477,22.403,21.59520596,21.83,0.0323,r,GN3r
2017-10-27T10:59:01,58053.458,53.457,1.418,0.477,22.403,21.51965563,21.755,0.0288,r,GN3r
2017-10-27T11:00:07,58053.458,53.458,1.418,0.477,22.403,21.54760557,21.782,0.031,r,GN3r
2017-10-27T11:01:12,58053.459,53.459,1.419,0.479,22.446,21.55994806,21.785,0.0306,r,GN3r
2017-10-27T11:02:19,58053.46,53.459,1.419,0.479,22.446,21.56675255,21.792,0.0316,r,GN3r
2017-10-27T11:03:26,58053.461,53.46,1.419,0.479,22.446,21.52564739,21.751,0.0297,r,GN3r
2017-10-27T11:04:32,58053.461,53.461,1.419,0.479,22.446,21.54515436,21.77,0.0318,r,GN3r
2017-10-27T11:05:38,58053.462,53.462,1.419,0.479,22.446,21.60323778,21.828,0.0326,r,GN3r
2017-10-27T11:06:45,58053.463,53.463,1.419,0.479,22.446,21.56539682,21.791,0.033,r,GN3r
2017-10-27T11:07:51,58053.464,53.463,1.419,0.479,22.446,21.59155734,21.817,0.034,r,GN3r
2017-10-27T11:08:58,58053.465,53.464,1.419,0.479,22.446,21.61570205,21.841,0.0331,r,GN3r
2017-10-27T11:10:04,58053.465,53.465,1.419,0.479,22.446,21.6115384,21.837,0.033,r,GN3r
2017-10-27T11:11:11,58053.466,53.466,1.419,0.479,22.446,21.67874555,21.904,0.0358,r,GN3r
2017-10-27T11:12:17,58053.467,53.466,1.419,0.479,22.446,21.68615473,21.911,0.037,r,GN3r
2017-10-27T11:13:23,58053.468,53.467,1.419,0.479,22.446,21.68806278,21.913,0.0371,r,GN3r
2017-10-27T11:14:30,58053.468,53.468,1.419,0.479,22.446,21.63163211,21.857,0.0336,r,GN3r
2017-10-27T11:15:37,58053.469,53.469,1.419,0.479,22.446,21.67668558,21.902,0.0359,r,GN3r
2017-10-27T11:16:44,58053.47,53.469,1.419,0.479,22.446,21.77502405,22,0.0385,r,GN3r
2017-10-27T11:17:49,58053.471,53.47,1.419,0.479,22.446,21.75629421,21.982,0.0376,r,GN3r
2017-10-27T11:18:55,58053.471,53.471,1.419,0.479,22.446,21.78062067,22.006,0.0384,r,GN3r
2017-10-27T11:20:01,58053.472,53.472,1.419,0.479,22.446,21.77723033,22.002,0.0393,r,GN3r
2017-10-27T11:21:09,58053.473,53.473,1.419,0.479,22.446,21.79069263,22.016,0.0399,r,GN3r
2017-10-27T11:22:15,58053.474,53.473,1.419,0.479,22.446,21.79578907,22.021,0.042,r,GN3r
2017-10-27T11:23:20,58053.475,53.474,1.419,0.479,22.446,21.80616967,22.031,0.0404,r,GN3r
2017-10-27T11:24:27,58053.475,53.475,1.419,0.479,22.446,21.88540185,22.111,0.0455,r,GN3r
2017-10-27T11:25:34,58053.476,53.476,1.419,0.479,22.446,21.86501598,22.09,0.0447,r,GN3r
2017-10-27T11:26:40,58053.477,53.476,1.419,0.479,22.446,21.98294761,22.208,0.0492,r,GN3r
2017-10-27T11:27:47,58053.478,53.477,1.419,0.479,22.446,21.9591305,22.184,0.0487,r,GN3r
2017-10-27T11:28:53,58053.478,53.478,1.419,0.479,22.446,21.91650985,22.142,0.0457,r,GN3r
2017-10-27T11:29:59,58053.479,53.479,1.419,0.479,22.446,21.94557372,22.171,0.0464,r,GN3r
2017-10-27T11:31:06,58053.48,53.479,1.419,0.479,22.446,21.90131662,22.127,0.0453,r,GN3r
2017-10-27T11:32:13,58053.481,53.48,1.419,0.479,22.446,21.86232457,22.088,0.0438,r,GN3r
2017-10-27T11:33:19,58053.481,53.481,1.419,0.479,22.446,21.92373102,22.149,0.0463,r,GN3r
2017-10-27T11:34:26,58053.482,53.482,1.419,0.479,22.446,21.97270177,22.198,0.0472,r,GN3r
2017-10-27T11:35:33,58053.483,53.483,1.419,0.479,22.446,21.87326532,22.099,0.0444,r,GN3r
2017-10-27T11:36:41,58053.484,53.483,1.419,0.479,22.446,21.92377747,22.149,0.0465,r,GN3r
2017-10-27T11:38:53,58053.485,53.485,1.419,0.479,22.446,21.93640657,22.162,0.0482,r,GN3r
2017-10-27T11:39:59,58053.486,53.486,1.419,0.479,22.446,21.95280835,22.178,0.0478,r,GN3r
2017-10-27T11:41:04,58053.487,53.486,1.419,0.479,22.446,21.99429069,22.22,0.0509,r,GN3r
2017-10-27T11:42:11,58053.488,53.487,1.419,0.479,22.446,21.98570877,22.211,0.0493,r,GN3r
2017-10-27T11:43:17,58053.488,53.488,1.419,0.479,22.446,21.97782575,22.203,0.0515,r,GN3r
2017-10-27T11:44:23,58053.489,53.489,1.419,0.479,22.446,21.95313659,22.178,0.0492,r,GN3r
2017-10-27T11:45:31,58053.49,53.489,1.419,0.479,22.446,21.9892604,22.214,0.0521,r,GN3r
2017-10-27T11:46:37,58053.491,53.49,1.419,0.479,22.446,22.05520268,22.28,0.054,r,GN3r
2017-10-27T11:47:43,58053.491,53.491,1.419,0.479,22.446,21.98152099,22.207,0.0495,r,GN3r
2017-10-27T11:48:49,58053.492,53.492,1.419,0.479,22.446,21.97653212,22.202,0.0518,r,GN3r
2017-10-27T11:49:55,58053.493,53.493,1.419,0.479,22.446,22.00530022,22.231,0.0494,r,GN3r
2017-10-27T11:51:01,58053.494,53.493,1.419,0.479,22.446,21.96893766,22.194,0.0516,r,GN3r
2017-10-27T11:52:07,58053.495,53.494,1.419,0.479,22.446,21.96794583,22.193,0.0517,r,GN3r
2017-10-27T11:53:13,58053.495,53.495,1.419,0.479,22.446,22.06264972,22.288,0.0548,r,GN3r
2017-10-27T11:54:19,58053.496,53.496,1.419,0.479,22.446,22.15440463,22.38,0.061,r,GN3r
2017-10-27T11:55:27,58053.497,53.496,1.419,0.479,22.446,22.12717356,22.352,0.0583,r,GN3r
2017-10-27T11:56:35,58053.498,53.497,1.419,0.479,22.446,22.14811482,22.373,0.0594,r,GN3r
2017-10-27T11:57:41,58053.498,53.498,1.419,0.479,22.446,22.00059556,22.226,0.0548,r,GN3r
2017-10-27T11:58:47,58053.499,53.499,1.419,0.479,22.446,22.16352198,22.389,0.0649,r,GN3r
2017-10-27T11:59:53,58053.5,53.499,1.419,0.479,22.446,22.10621232,22.331,0.0603,r,GN3r
2017-10-27T12:00:59,58053.501,53.5,1.42,0.48,22.488,22.17967171,22.395,0.0626,r,GN3r
2017-10-27T12:02:05,58053.501,53.501,1.42,0.48,22.488,22.11782088,22.333,0.0626,r,GN3r
2017-10-27T12:03:11,58053.502,53.502,1.42,0.48,22.488,22.14361202,22.359,0.0627,r,GN3r
2017-10-27T12:04:17,58053.503,53.503,1.42,0.48,22.488,22.19826283,22.414,0.0659,r,GN3r
2017-10-27T12:05:23,58053.504,53.503,1.42,0.48,22.488,22.42187524,22.638,0.0826,r,GN3r
2017-10-27T12:06:30,58053.505,53.504,1.42,0.48,22.488,22.33004038,22.546,0.0745,r,GN3r
2017-10-27T12:07:37,58053.505,53.505,1.42,0.48,22.488,22.33204954,22.548,0.0765,r,GN3r
2017-10-27T12:08:43,58053.506,53.506,1.42,0.48,22.488,22.43323656,22.649,0.0879,r,GN3r
2017-10-27T12:09:49,58053.507,53.506,1.42,0.48,22.488,22.27168907,22.487,0.0679,r,GN3r
2017-10-27T12:10:55,58053.508,53.507,1.42,0.48,22.488,22.34732522,22.563,0.0744,r,GN3r
2017-10-27T12:12:01,58053.508,53.508,1.42,0.48,22.488,22.3805877,22.596,0.0805,r,GN3r
2017-10-27T12:13:07,58053.509,53.509,1.42,0.48,22.488,22.40689897,22.623,0.0826,r,GN3r
2017-10-27T12:14:13,58053.51,53.509,1.42,0.48,22.488,22.55036847,22.766,0.0942,r,GN3r
2017-10-27T12:15:19,58053.511,53.51,1.42,0.48,22.488,22.47171717,22.687,0.0864,r,GN3r
2017-10-27T12:16:32,58053.511,53.511,1.42,0.48,22.488,22.49974844,22.715,0.0883,r,GN3r
2017-10-27T12:17:37,58053.512,53.512,1.42,0.48,22.488,22.48239486,22.698,0.0913,r,GN3r
2017-10-27T12:18:42,58053.513,53.513,1.42,0.48,22.488,22.6151056,22.831,0.1032,r,GN3r
2017-10-27T12:19:46,58053.514,53.513,1.42,0.48,22.488,22.78938401,23.005,0.1127,r,GN3r
2017-10-27T12:20:52,58053.515,53.514,1.42,0.48,22.488,22.67934143,22.895,0.1099,r,GN3r
2017-10-27T12:21:59,58053.515,53.515,1.42,0.48,22.488,22.81588579,23.032,0.1246,r,GN3r
2017-10-27T12:24:14,58053.517,53.516,1.42,0.48,22.488,22.69386213,22.91,0.1147,r,GN3r
2017-10-27T12:25:21,58053.518,53.517,1.42,0.48,22.488,22.76225137,22.978,0.1197,r,GN3r
2017-10-27T12:26:27,58053.518,53.518,1.42,0.48,22.488,22.86068491,23.076,0.1312,r,GN3r
2017-10-27T12:27:33,58053.519,53.519,1.42,0.48,22.488,22.97524126,23.191,0.1507,r,GN3r
2017-10-27T12:28:38,58053.52,53.519,1.42,0.48,22.488,22.79218899,23.008,0.1211,r,GN3r
2017-10-27T12:29:44,58053.521,53.52,1.42,0.48,22.488,23.12614127,23.342,0.1723,r,GN3r
2017-10-27T12:30:50,58053.521,53.521,1.42,0.48,22.488,23.02348654,23.239,0.1503,r,GN3r
2017-10-27T12:31:57,58053.522,53.522,1.42,0.48,22.488,23.03399149,23.25,0.1558,r,GN3r
2017-10-27T12:33:03,58053.523,53.522,1.42,0.48,22.488,23.06627004,23.282,0.1684,r,GN3r
2017-10-27T12:34:09,58053.524,53.523,1.42,0.48,22.488,23.25450718,23.47,0.2006,r,GN3r
2017-10-27T12:35:14,58053.524,53.524,1.42,0.48,22.488,23.37758157,23.593,0.2145,r,GN3r
2017-10-27T12:36:19,58053.525,53.525,1.42,0.48,22.488,23.31846433,23.534,0.214,r,GN3r
2017-10-27T12:37:25,58053.526,53.526,1.42,0.48,22.488,23.12609022,23.342,0.1802,r,GN3r
2017-10-27T12:38:30,58053.527,53.526,1.42,0.48,22.488,23.26343496,23.479,0.206,r,GN3r
2017-10-27T12:39:35,58053.527,53.527,1.42,0.48,22.488,23.13152641,23.347,0.1783,r,GN3r
2017-10-27T12:40:40,58053.528,53.528,1.42,0.48,22.488,23.39490906,23.611,0.2171,r,GN3r
2017-10-27T12:41:45,58053.529,53.529,1.42,0.48,22.488,23.69010682,23.906,0.3129,r,GN3r
2017-10-27T12:42:49,58053.53,53.529,1.42,0.48,22.488,23.72524438,23.941,0.3244,r,GN3r
2017-10-27T12:43:54,58053.53,53.53,1.42,0.48,22.488,23.26070444,23.476,0.2315,r,GN3r
2017-10-27T12:45:01,58053.531,53.531,1.42,0.48,22.488,24.03200945,24.248,0.4237,r,GN3r
2017-10-27T12:46:07,58053.532,53.532,1.42,0.48,22.488,23.95294875,24.169,0.4225,r,GN3r
2017-10-28T02:14:55,58054.094,54.093,1.434,0.5,23.055,22.19,22.258,0.14,R,Wy1R
2017-10-28T02:20:41,58054.098,54.097,1.434,0.5,23.055,22.4,22.468,0.16,R,Wy1R
2017-10-28T02:26:18,58054.102,54.101,1.434,0.5,23.055,22.3,22.368,0.14,R,Wy1R
2017-10-28T02:31:55,58054.105,54.105,1.434,0.5,23.055,22.56,22.628,0.17,R,Wy1R
2017-10-28T02:37:32,58054.109,54.109,1.434,0.5,23.055,22.6,22.668,0.17,R,Wy1R
2017-10-28T02:43:09,58054.113,54.113,1.434,0.5,23.055,23.07,23.138,0.27,R,Wy1R
2017-10-28T02:48:46,58054.117,54.117,1.434,0.5,23.055,22.81,22.878,0.22,R,Wy1R
2017-10-28T02:54:23,58054.121,54.121,1.434,0.5,23.055,23.43,23.498,0.37,R,Wy1R
2017-10-28T03:28:04,58054.145,54.144,1.435,0.501,23.095,23.63,23.689,0.41,R,Wy1R
2017-10-28T04:35:36,58054.191,54.191,1.436,0.503,23.134,22.93,22.979,0.23,R,Wy1R
2017-10-28T04:46:50,58054.199,54.199,1.436,0.503,23.134,23.05,23.099,0.28,R,Wy1R
2017-10-28T04:58:04,58054.207,54.206,1.436,0.503,23.134,22.46,22.509,0.15,R,Wy1R
2017-10-28T05:03:41,58054.211,54.21,1.437,0.504,23.172,22.73,22.77,0.19,R,Wy1R
2017-10-28T05:09:18,58054.215,54.214,1.437,0.504,23.172,22.11,22.15,0.11,R,Wy1R
2017-10-28T05:14:55,58054.219,54.218,1.437,0.504,23.172,22.19,22.23,0.12,R,Wy1R
2017-10-28T05:52:39,58054.245,54.244,1.437,0.504,23.172,21.9878914,22.045,0.0589,r,GN4r
2017-10-28T05:53:45,58054.246,54.245,1.437,0.504,23.172,22.00252078,22.059,0.0585,r,GN4r
2017-10-28T05:54:50,58054.246,54.246,1.437,0.504,23.172,22.01004065,22.067,0.0601,r,GN4r
2017-10-28T05:55:54,58054.247,54.247,1.437,0.504,23.172,21.93556161,21.992,0.0517,r,GN4r
2017-10-28T05:56:59,58054.248,54.247,1.437,0.504,23.172,21.99937206,22.056,0.0547,r,GN4r
2017-10-28T05:58:04,58054.249,54.248,1.437,0.504,23.172,21.93798024,21.995,0.0518,r,GN4r
2017-10-28T05:59:09,58054.249,54.249,1.437,0.504,23.172,22.00558323,22.062,0.055,r,GN4r
2017-10-28T06:00:14,58054.25,54.25,1.437,0.504,23.172,22.04458604,22.101,0.0574,r,GN4r
2017-10-28T06:01:19,58054.251,54.25,1.438,0.506,23.21,21.95777993,22.006,0.0538,r,GN4r
2017-10-28T06:08:48,58054.256,54.255,1.438,0.506,23.21,22.23711821,22.285,0.069,r,GN4r
2017-10-28T06:09:54,58054.257,54.256,1.438,0.506,23.21,22.14258589,22.19,0.062,r,GN4r
2017-10-28T06:17:12,58054.262,54.261,1.438,0.506,23.21,22.12737534,22.175,0.0651,r,GN4r
2017-10-28T06:18:17,58054.263,54.262,1.438,0.506,23.21,22.25460931,22.302,0.0654,r,GN4r
2017-10-28T06:20:28,58054.264,54.264,1.438,0.506,23.21,22.15677515,22.205,0.0626,r,GN4r
2017-10-28T06:21:34,58054.265,54.264,1.438,0.506,23.21,22.24980343,22.298,0.0697,r,GN4r
2017-10-28T06:22:27,58054.266,54.265,1.438,0.506,23.21,22.69,22.721,0.22,R,Wy1R
2017-10-28T06:22:39,58054.266,54.265,1.438,0.506,23.21,22.03182379,22.08,0.0548,r,GN4r
2017-10-28T06:23:45,58054.266,54.266,1.438,0.506,23.21,22.14364938,22.191,0.0619,r,GN4r
2017-10-28T06:24:50,58054.267,54.267,1.438,0.506,23.21,22.0323629,22.08,0.0548,r,GN4r
2017-10-28T06:25:54,58054.268,54.267,1.438,0.506,23.21,22.28607372,22.334,0.0703,r,GN4r
2017-10-28T06:26:59,58054.269,54.268,1.438,0.506,23.21,22.07628034,22.124,0.0582,r,GN4r
2017-10-28T06:28:04,58054.27,54.269,1.438,0.506,23.21,22.68,22.711,0.19,R,Wy1R
2017-10-28T06:28:05,58054.27,54.269,1.438,0.506,23.21,22.05658963,22.104,0.0547,r,GN4r
2017-10-28T06:29:09,58054.27,54.27,1.438,0.506,23.21,22.0920891,22.14,0.0565,r,GN4r
2017-10-28T06:30:14,58054.271,54.27,1.438,0.506,23.21,22.25008668,22.298,0.068,r,GN4r
2017-10-28T06:31:19,58054.272,54.271,1.438,0.506,23.21,22.20298038,22.251,0.0666,r,GN4r
2017-10-28T06:32:24,58054.272,54.272,1.438,0.506,23.21,22.24147415,22.289,0.0665,r,GN4r
2017-10-28T06:33:30,58054.273,54.273,1.438,0.506,23.21,22.1930641,22.241,0.0631,r,GN4r
2017-10-28T06:33:41,58054.273,54.273,1.438,0.506,23.21,22.9,22.931,0.24,R,Wy1R
2017-10-28T06:34:35,58054.274,54.273,1.438,0.506,23.21,22.42194885,22.47,0.0775,r,GN4r
2017-10-28T06:35:39,58054.275,54.274,1.438,0.506,23.21,22.32622945,22.374,0.0711,r,GN4r
2017-10-28T06:37:51,58054.276,54.276,1.438,0.506,23.21,22.38828944,22.436,0.0786,r,GN4r
2017-10-28T06:38:55,58054.277,54.276,1.438,0.506,23.21,22.47106182,22.519,0.0817,r,GN4r
2017-10-28T06:40:00,58054.278,54.277,1.438,0.506,23.21,22.49973013,22.547,0.0868,r,GN4r
2017-10-28T06:41:06,58054.279,54.278,1.438,0.506,23.21,22.7106011,22.758,0.1004,r,GN4r
2017-10-28T06:42:12,58054.279,54.279,1.438,0.506,23.21,22.79536632,22.843,0.1059,r,GN4r
2017-10-28T06:43:17,58054.28,54.279,1.438,0.506,23.21,22.65192623,22.7,0.0909,r,GN4r
2017-10-28T06:44:21,58054.281,54.28,1.438,0.506,23.21,22.77398219,22.822,0.1039,r,GN4r
2017-10-28T06:45:28,58054.282,54.281,1.438,0.506,23.21,22.85594282,22.904,0.1145,r,GN4r
2017-10-28T06:46:32,58054.282,54.282,1.438,0.506,23.21,22.90409277,22.952,0.1196,r,GN4r
2017-10-28T06:47:37,58054.283,54.282,1.438,0.506,23.21,22.75374126,22.801,0.102,r,GN4r
2017-10-28T06:48:42,58054.284,54.283,1.438,0.506,23.21,22.65068566,22.698,0.097,r,GN4r
2017-10-28T06:49:48,58054.285,54.284,1.438,0.506,23.21,22.9320321,22.98,0.1254,r,GN4r
2017-10-28T06:50:54,58054.285,54.285,1.438,0.506,23.21,22.93667274,22.984,0.1202,r,GN4r
2017-10-28T06:51:59,58054.286,54.285,1.438,0.506,23.21,22.73711173,22.785,0.098,r,GN4r
2017-10-28T06:53:04,58054.287,54.286,1.438,0.506,23.21,22.72714442,22.775,0.0995,r,GN4r
2017-10-28T06:54:10,58054.288,54.287,1.438,0.506,23.21,22.66207895,22.71,0.0982,r,GN4r
2017-10-28T06:55:15,58054.288,54.288,1.438,0.506,23.21,22.90710599,22.955,0.117,r,GN4r
2017-10-28T06:56:18,58054.289,54.288,1.438,0.506,23.21,24.01,24.041,0.59,R,Wy1R
2017-10-28T06:56:21,58054.289,54.289,1.438,0.506,23.21,22.65623398,22.704,0.0949,r,GN4r
2017-10-28T06:57:26,58054.29,54.289,1.438,0.506,23.21,22.74185534,22.79,0.1008,r,GN4r
2017-10-28T06:58:32,58054.291,54.29,1.438,0.506,23.21,22.75667967,22.804,0.1021,r,GN4r
2017-10-28T06:59:36,58054.291,54.291,1.438,0.506,23.21,22.93719521,22.985,0.1202,r,GN4r
2017-10-28T07:00:41,58054.292,54.292,1.438,0.506,23.21,22.69880991,22.747,0.0992,r,GN4r
2017-10-28T07:01:47,58054.293,54.292,1.439,0.507,23.248,22.88262093,22.921,0.1186,r,GN4r
2017-10-28T07:02:54,58054.294,54.293,1.439,0.507,23.248,22.99253526,23.031,0.135,r,GN4r
2017-10-28T07:03:58,58054.294,54.294,1.439,0.507,23.248,22.98223992,23.021,0.1252,r,GN4r
2017-10-28T07:05:03,58054.295,54.295,1.439,0.507,23.248,23.12084352,23.159,0.1453,r,GN4r
2017-10-28T07:06:08,58054.296,54.295,1.439,0.507,23.248,22.99014276,23.029,0.129,r,GN4r
2017-10-28T07:07:14,58054.297,54.296,1.439,0.507,23.248,23.23374347,23.272,0.1647,r,GN4r
2017-10-28T07:08:18,58054.297,54.297,1.439,0.507,23.248,23.19283757,23.231,0.1515,r,GN4r
2017-10-28T07:09:23,58054.298,54.298,1.439,0.507,23.248,23.45363052,23.492,0.192,r,GN4r
2017-10-28T07:10:28,58054.299,54.298,1.439,0.507,23.248,23.5558192,23.594,0.2057,r,GN4r
2017-10-28T07:11:34,58054.3,54.299,1.439,0.507,23.248,23.72960901,23.768,0.2588,r,GN4r
2017-10-28T07:12:39,58054.3,54.3,1.439,0.507,23.248,23.40159242,23.44,0.2006,r,GN4r
2017-10-28T07:14:49,58054.302,54.301,1.439,0.507,23.248,23.48565348,23.524,0.2118,r,GN4r
2017-10-28T07:15:55,58054.303,54.302,1.439,0.507,23.248,23.90533346,23.944,0.3179,r,GN4r
2017-10-28T07:17:01,58054.303,54.303,1.439,0.507,23.248,23.4524076,23.491,0.1963,r,GN4r
2017-10-28T07:18:06,58054.304,54.304,1.439,0.507,23.248,23.90447971,23.943,0.3176,r,GN4r
2017-10-28T07:19:10,58054.305,54.304,1.439,0.507,23.248,24.15384773,24.192,0.3815,r,GN4r
2017-10-28T08:24:33,58054.35,54.35,1.44,0.508,23.285,22.79915739,22.829,0.1035,r,GN4r
2017-10-28T08:25:38,58054.351,54.35,1.44,0.508,23.285,22.65487071,22.684,0.093,r,GN4r
2017-10-28T08:26:44,58054.352,54.351,1.44,0.508,23.285,22.77238239,22.802,0.1034,r,GN4r
2017-10-28T08:27:49,58054.353,54.352,1.44,0.508,23.285,22.70309022,22.733,0.0949,r,GN4r
2017-10-28T08:28:53,58054.353,54.353,1.44,0.508,23.285,22.57069708,22.6,0.0802,r,GN4r
2017-10-28T08:29:58,58054.354,54.354,1.44,0.508,23.285,22.51689996,22.546,0.0822,r,GN4r
2017-10-28T08:31:04,58054.355,54.354,1.44,0.508,23.285,22.40610163,22.436,0.0693,r,GN4r
2017-10-28T08:32:08,58054.356,54.355,1.44,0.508,23.285,22.6571989,22.687,0.0911,r,GN4r
2017-10-28T08:33:14,58054.356,54.356,1.44,0.508,23.285,22.6709944,22.701,0.09,r,GN4r
2017-10-28T08:34:19,58054.357,54.357,1.44,0.508,23.285,22.66708602,22.697,0.0897,r,GN4r
2017-10-28T08:35:25,58054.358,54.357,1.44,0.508,23.285,22.8213759,22.851,0.1031,r,GN4r
2017-10-28T08:36:29,58054.359,54.358,1.44,0.508,23.285,22.6136625,22.643,0.0835,r,GN4r
2017-10-28T08:37:34,58054.359,54.359,1.44,0.508,23.285,22.7873472,22.817,0.1,r,GN4r
2017-10-28T08:38:39,58054.36,54.36,1.44,0.508,23.285,22.75362789,22.783,0.1018,r,GN4r
2017-10-28T08:39:45,58054.361,54.36,1.44,0.508,23.285,22.82460809,22.854,0.1011,r,GN4r
2017-10-28T08:40:49,58054.362,54.361,1.44,0.508,23.285,22.60318347,22.633,0.0827,r,GN4r
2017-10-28T08:41:54,58054.362,54.362,1.44,0.508,23.285,22.94465753,22.974,0.1182,r,GN4r
2017-10-28T08:42:59,58054.363,54.363,1.44,0.508,23.285,22.60872712,22.638,0.0836,r,GN4r
2017-10-28T08:44:05,58054.364,54.363,1.44,0.508,23.285,22.68899568,22.719,0.0961,r,GN4r
2017-10-28T08:45:10,58054.365,54.364,1.44,0.508,23.285,22.8301592,22.86,0.1066,r,GN4r
2017-10-28T08:46:14,58054.365,54.365,1.44,0.508,23.285,22.63182205,22.661,0.087,r,GN4r
2017-10-28T08:47:19,58054.366,54.366,1.44,0.508,23.285,22.65178018,22.681,0.0886,r,GN4r
2017-10-28T08:48:25,58054.367,54.366,1.44,0.508,23.285,22.66963714,22.699,0.0923,r,GN4r
2017-10-28T08:49:30,58054.368,54.367,1.44,0.508,23.285,22.58668941,22.616,0.0877,r,GN4r
2017-10-28T08:50:34,58054.368,54.368,1.44,0.508,23.285,22.63774028,22.667,0.0877,r,GN4r
2017-10-28T08:51:39,58054.369,54.369,1.44,0.508,23.285,22.6011869,22.631,0.0847,r,GN4r
2017-10-28T08:52:45,58054.37,54.369,1.44,0.508,23.285,22.65573237,22.685,0.089,r,GN4r
2017-10-28T08:53:50,58054.371,54.37,1.44,0.508,23.285,22.59937293,22.629,0.0867,r,GN4r
2017-10-28T08:55:59,58054.372,54.372,1.44,0.508,23.285,22.59084639,22.62,0.086,r,GN4r
2017-10-28T08:57:05,58054.373,54.372,1.44,0.508,23.285,22.37237971,22.402,0.0724,r,GN4r
2017-10-28T08:58:10,58054.374,54.373,1.44,0.508,23.285,22.55770801,22.587,0.0796,r,GN4r
2017-10-28T08:59:14,58054.374,54.374,1.44,0.508,23.285,22.36703462,22.397,0.0721,r,GN4r
2017-10-28T09:00:19,58054.375,54.375,1.44,0.508,23.285,22.32515712,22.355,0.0694,r,GN4r
2017-10-28T09:01:25,58054.376,54.375,1.441,0.51,23.321,22.34067785,22.361,0.0672,r,GN4r
2017-10-28T09:02:30,58054.377,54.376,1.441,0.51,23.321,22.39289382,22.413,0.0694,r,GN4r
2017-10-28T09:03:34,58054.377,54.377,1.441,0.51,23.321,22.33340825,22.354,0.0684,r,GN4r
2017-10-28T09:04:39,58054.378,54.378,1.441,0.51,23.321,22.20551773,22.226,0.061,r,GN4r
2017-10-28T09:05:45,58054.379,54.378,1.441,0.51,23.321,22.23182554,22.252,0.061,r,GN4r
2017-10-28T09:06:50,58054.38,54.379,1.441,0.51,23.321,22.30502877,22.326,0.0645,r,GN4r
2017-10-28T09:07:54,58054.38,54.38,1.441,0.51,23.321,22.18292963,22.203,0.0584,r,GN4r
2017-10-28T09:08:59,58054.381,54.381,1.441,0.51,23.321,22.2179263,22.238,0.0606,r,GN4r
2017-10-28T09:10:05,58054.382,54.381,1.441,0.51,23.321,22.20132144,22.222,0.0623,r,GN4r
2017-10-28T09:11:10,58054.383,54.382,1.441,0.51,23.321,22.1540112,22.175,0.0611,r,GN4r
2017-10-28T09:12:14,58054.384,54.383,1.441,0.51,23.321,22.01499895,22.035,0.0516,r,GN4r
2017-10-28T09:13:19,58054.384,54.384,1.441,0.51,23.321,22.08378169,22.104,0.0536,r,GN4r
2017-10-28T09:14:26,58054.385,54.384,1.441,0.51,23.321,22.11126073,22.132,0.0562,r,GN4r
2017-10-28T09:15:30,58054.386,54.385,1.441,0.51,23.321,22.02293697,22.043,0.0544,r,GN4r
2017-10-28T09:16:35,58054.387,54.386,1.441,0.51,23.321,22.08731031,22.108,0.055,r,GN4r
2017-10-28T09:17:40,58054.387,54.387,1.441,0.51,23.321,22.06987933,22.09,0.0542,r,GN4r
2017-10-28T09:18:46,58054.388,54.387,1.441,0.51,23.321,21.95714779,21.978,0.0491,r,GN4r
2017-10-28T09:19:51,58054.389,54.388,1.441,0.51,23.321,21.98531008,22.006,0.0503,r,GN4r
2017-10-28T09:20:55,58054.39,54.389,1.441,0.51,23.321,22.01086882,22.031,0.0527,r,GN4r
2017-10-28T09:22:00,58054.39,54.39,1.441,0.51,23.321,21.94762435,21.968,0.0498,r,GN4r
2017-10-28T09:23:06,58054.391,54.39,1.441,0.51,23.321,21.97847771,21.999,0.0524,r,GN4r
2017-10-28T09:25:15,58054.393,54.392,1.441,0.51,23.321,21.96246968,21.983,0.0516,r,GN4r
2017-10-28T09:26:20,58054.393,54.393,1.441,0.51,23.321,21.89060973,21.911,0.0453,r,GN4r
2017-10-28T09:27:26,58054.394,54.393,1.441,0.51,23.321,21.9729483,21.993,0.0487,r,GN4r
2017-10-28T09:28:31,58054.395,54.394,1.441,0.51,23.321,21.90858093,21.929,0.0482,r,GN4r
2017-10-28T09:29:35,58054.396,54.395,1.441,0.51,23.321,21.84770988,21.868,0.0446,r,GN4r
2017-10-28T09:35:47,58054.4,54.399,1.441,0.51,23.321,21.83438908,21.855,0.0422,r,GN4r
2017-10-28T09:36:51,58054.401,54.4,1.441,0.51,23.321,21.75499503,21.775,0.039,r,GN4r
2017-10-28T09:37:56,58054.401,54.401,1.441,0.51,23.321,21.91769253,21.938,0.0465,r,GN4r
2017-10-28T09:39:02,58054.402,54.401,1.441,0.51,23.321,21.81908404,21.84,0.0436,r,GN4r
2017-10-28T09:40:07,58054.403,54.402,1.441,0.51,23.321,21.75897346,21.779,0.0423,r,GN4r
2017-10-28T09:41:11,58054.404,54.403,1.441,0.51,23.321,21.78386361,21.804,0.0404,r,GN4r
2017-10-28T09:42:17,58054.404,54.404,1.441,0.51,23.321,21.88723868,21.908,0.0459,r,GN4r
2017-10-28T09:43:23,58054.405,54.404,1.441,0.51,23.321,21.71831198,21.739,0.0399,r,GN4r
2017-10-28T09:44:28,58054.406,54.405,1.441,0.51,23.321,21.79748383,21.818,0.0429,r,GN4r
2017-10-28T09:45:32,58054.407,54.406,1.441,0.51,23.321,21.8372559,21.858,0.0434,r,GN4r
2017-10-28T09:52:55,58054.412,54.411,1.441,0.51,23.321,21.80766876,21.828,0.0424,r,GN4r
2017-10-28T09:54:01,58054.413,54.412,1.441,0.51,23.321,21.7571975,21.778,0.0406,r,GN4r
2017-10-28T10:02:22,58054.418,54.418,1.442,0.511,23.357,21.76647892,21.778,0.0401,r,GN4r
2017-10-28T10:03:28,58054.419,54.418,1.442,0.511,23.357,21.75325928,21.765,0.0405,r,GN4r
2017-10-28T10:04:33,58054.42,54.419,1.442,0.511,23.357,21.71113791,21.723,0.0373,r,GN4r
2017-10-28T10:05:38,58054.421,54.42,1.442,0.511,23.357,21.80781724,21.819,0.0396,r,GN4r
2017-10-28T10:06:43,58054.421,54.421,1.442,0.511,23.357,21.83858293,21.85,0.0427,r,GN4r
2017-10-28T10:07:49,58054.422,54.421,1.442,0.511,23.357,21.79683921,21.808,0.0402,r,GN4r
2017-10-28T10:08:54,58054.423,54.422,1.442,0.511,23.357,21.81229663,21.824,0.0398,r,GN4r
2017-10-28T10:09:58,58054.424,54.423,1.442,0.511,23.357,21.72885377,21.74,0.0379,r,GN4r
2017-10-28T10:11:03,58054.424,54.424,1.442,0.511,23.357,21.80909921,21.821,0.0397,r,GN4r
2017-10-28T10:12:09,58054.425,54.424,1.442,0.511,23.357,21.74793403,21.759,0.0386,r,GN4r
2017-10-28T10:13:14,58054.426,54.425,1.442,0.511,23.357,21.79566722,21.807,0.0393,r,GN4r
2017-10-28T10:14:20,58054.427,54.426,1.442,0.511,23.357,21.75219171,21.764,0.0388,r,GN4r
2017-10-28T10:15:26,58054.427,54.427,1.442,0.511,23.357,21.78540523,21.797,0.0399,r,GN4r
2017-10-28T10:16:33,58054.428,54.428,1.442,0.511,23.357,21.83690192,21.848,0.0392,r,GN4r
2017-10-28T10:17:39,58054.429,54.428,1.442,0.511,23.357,21.88690091,21.898,0.0426,r,GN4r
2017-10-28T10:19:48,58054.43,54.43,1.442,0.511,23.357,21.90800246,21.919,0.0425,r,GN4r
2017-10-28T10:20:54,58054.431,54.431,1.442,0.511,23.357,21.87378695,21.885,0.0411,r,GN4r
2017-10-28T10:22:00,58054.432,54.431,1.442,0.511,23.357,21.95455928,21.966,0.0453,r,GN4r
2017-10-28T10:23:06,58054.433,54.432,1.442,0.511,23.357,21.90153117,21.913,0.0421,r,GN4r
2017-10-28T10:24:11,58054.433,54.433,1.442,0.511,23.357,21.95049821,21.962,0.044,r,GN4r
2017-10-28T10:25:17,58054.434,54.434,1.442,0.511,23.357,22.00344667,22.015,0.045,r,GN4r
2017-10-28T10:26:22,58054.435,54.434,1.442,0.511,23.357,22.02989774,22.041,0.0485,r,GN4r
2017-10-28T10:27:26,58054.436,54.435,1.442,0.511,23.357,22.06295158,22.074,0.0462,r,GN4r
2017-10-28T10:28:31,58054.436,54.436,1.442,0.511,23.357,22.11538844,22.127,0.0497,r,GN4r
2017-10-28T10:29:37,58054.437,54.437,1.442,0.511,23.357,22.11151388,22.123,0.0482,r,GN4r
2017-10-28T10:30:42,58054.438,54.437,1.442,0.511,23.357,22.18883468,22.2,0.053,r,GN4r
2017-10-28T10:31:47,58054.439,54.438,1.442,0.511,23.357,22.14985695,22.161,0.0485,r,GN4r
2017-10-28T10:32:54,58054.44,54.439,1.442,0.511,23.357,22.23364425,22.245,0.0553,r,GN4r
2017-10-28T10:34:00,58054.44,54.44,1.442,0.511,23.357,22.20453321,22.216,0.0495,r,GN4r
2017-10-28T10:35:06,58054.441,54.44,1.442,0.511,23.357,22.24321338,22.255,0.0543,r,GN4r
2017-10-28T10:36:11,58054.442,54.441,1.442,0.511,23.357,22.15180496,22.163,0.0504,r,GN4r
2017-10-28T10:37:15,58054.443,54.442,1.442,0.511,23.357,22.44487664,22.456,0.0654,r,GN4r
2017-10-28T10:38:22,58054.443,54.443,1.442,0.511,23.357,22.3207287,22.332,0.0566,r,GN4r
2017-10-28T10:39:27,58054.444,54.443,1.442,0.511,23.357,22.36748628,22.379,0.0624,r,GN4r
2017-10-28T10:40:32,58054.445,54.444,1.442,0.511,23.357,22.4421316,22.454,0.0649,r,GN4r
2017-10-28T10:41:37,58054.446,54.445,1.442,0.511,23.357,22.34386923,22.355,0.0595,r,GN4r
2017-10-28T10:42:44,58054.446,54.446,1.442,0.511,23.357,22.41918479,22.431,0.0636,r,GN4r
2017-10-28T10:43:50,58054.447,54.446,1.442,0.511,23.357,22.57099448,22.582,0.075,r,GN4r
2017-10-28T10:44:57,58054.448,54.447,1.442,0.511,23.357,22.52419214,22.536,0.07,r,GN4r
2017-10-28T10:46:02,58054.449,54.448,1.442,0.511,23.357,22.5959922,22.607,0.0789,r,GN4r
2017-10-28T10:47:08,58054.449,54.449,1.442,0.511,23.357,22.57687059,22.588,0.0734,r,GN4r
2017-10-28T10:48:13,58054.45,54.449,1.442,0.511,23.357,22.86615048,22.878,0.0937,r,GN4r
2017-10-28T10:49:19,58054.451,54.45,1.442,0.511,23.357,22.69871929,22.71,0.0796,r,GN4r
2017-10-28T10:50:24,58054.452,54.451,1.442,0.511,23.357,22.69028163,22.702,0.0835,r,GN4r
2017-10-28T10:51:30,58054.452,54.452,1.442,0.511,23.357,22.70211749,22.714,0.08,r,GN4r
2017-10-28T10:52:36,58054.453,54.453,1.442,0.511,23.357,23.03694641,23.048,0.1177,r,GN4r
2017-10-28T10:53:42,58054.454,54.453,1.442,0.511,23.357,23.00517116,23.017,0.1082,r,GN4r
2017-10-28T10:54:48,58054.455,54.454,1.442,0.511,23.357,22.91217629,22.924,0.1024,r,GN4r
2017-10-28T10:55:54,58054.455,54.455,1.442,0.511,23.357,23.02996878,23.041,0.1121,r,GN4r
2017-10-28T10:56:59,58054.456,54.456,1.442,0.511,23.357,23.29146476,23.303,0.1445,r,GN4r
2017-10-28T10:58:06,58054.457,54.456,1.442,0.511,23.357,23.16073205,23.172,0.1248,r,GN4r
2017-10-28T10:59:11,58054.458,54.457,1.442,0.511,23.357,22.83910434,22.851,0.0962,r,GN4r
2017-10-28T11:00:18,58054.459,54.458,1.442,0.511,23.357,23.05113747,23.063,0.1165,r,GN4r
2017-10-28T11:01:24,58054.459,54.459,1.443,0.513,23.392,23.0668699,23.069,0.1216,r,GN4r
2017-10-28T11:02:30,58054.46,54.459,1.443,0.513,23.392,22.98120113,22.984,0.1127,r,GN4r
2017-10-28T11:03:46,58054.461,54.46,1.443,0.513,23.392,22.97466862,22.977,0.1091,r,GN4r
2017-10-28T11:04:52,58054.462,54.461,1.443,0.513,23.392,23.13316657,23.136,0.1295,r,GN4r
2017-10-28T11:05:57,58054.462,54.462,1.443,0.513,23.392,23.16546297,23.168,0.1327,r,GN4r
2017-10-28T11:07:03,58054.463,54.463,1.443,0.513,23.392,23.23023638,23.233,0.1377,r,GN4r
2017-10-28T11:08:08,58054.464,54.463,1.443,0.513,23.392,23.23050331,23.233,0.1418,r,GN4r
2017-10-28T11:09:13,58054.465,54.464,1.443,0.513,23.392,23.3747546,23.377,0.165,r,GN4r
2017-10-28T11:10:18,58054.465,54.465,1.443,0.513,23.392,23.69299521,23.696,0.2222,r,GN4r
2017-10-28T11:11:24,58054.466,54.466,1.443,0.513,23.392,23.24981528,23.252,0.1447,r,GN4r
2017-10-28T11:12:29,58054.467,54.466,1.443,0.513,23.392,23.43472664,23.437,0.1712,r,GN4r
2017-10-28T11:13:36,58054.468,54.467,1.443,0.513,23.392,23.49538668,23.498,0.1811,r,GN4r
2017-10-28T11:14:41,58054.469,54.468,1.443,0.513,23.392,23.52216829,23.525,0.1806,r,GN4r
2017-10-28T11:15:48,58054.469,54.469,1.443,0.513,23.392,23.37500989,23.378,0.1536,r,GN4r
2017-10-28T11:16:53,58054.47,54.469,1.443,0.513,23.392,23.35105874,23.354,0.1593,r,GN4r
2017-10-28T11:17:59,58054.471,54.47,1.443,0.513,23.392,23.84827171,23.851,0.2437,r,GN4r
2017-10-28T11:19:05,58054.472,54.471,1.443,0.513,23.392,23.71597073,23.719,0.2187,r,GN4r
2017-10-28T11:20:09,58054.472,54.472,1.443,0.513,23.392,23.25458705,23.257,0.1384,r,GN4r
2017-10-28T11:23:48,58054.475,54.474,1.443,0.513,23.392,23.74615402,23.749,0.2168,r,GN4r
2017-10-28T11:24:53,58054.476,54.475,1.443,0.513,23.392,23.60537394,23.608,0.1966,r,GN4r
2017-10-28T11:25:58,58054.476,54.476,1.443,0.513,23.392,24.03737626,24.04,0.3004,r,GN4r
2017-10-28T11:27:04,58054.477,54.476,1.443,0.513,23.392,24.22845387,24.231,0.3479,r,GN4r
2017-10-28T11:28:09,58054.478,54.477,1.443,0.513,23.392,23.53021985,23.533,0.1895,r,GN4r
2017-10-28T11:29:13,58054.479,54.478,1.443,0.513,23.392,23.85065842,23.853,0.2541,r,GN4r
2017-10-28T11:30:19,58054.479,54.479,1.443,0.513,23.392,23.97037785,23.973,0.2997,r,GN4r
2017-10-28T11:31:25,58054.48,54.479,1.443,0.513,23.392,23.77767189,23.78,0.2383,r,GN4r
2017-10-28T11:32:31,58054.481,54.48,1.443,0.513,23.392,24.08933503,24.092,0.3171,r,GN4r
2017-10-28T11:33:37,58054.482,54.481,1.443,0.513,23.392,24.61826374,24.621,0.5153,r,GN4r
2017-10-28T11:34:43,58054.482,54.482,1.443,0.513,23.392,23.45437557,23.457,0.1831,r,GN4r
2017-10-28T11:35:48,58054.483,54.483,1.443,0.513,23.392,24.41150665,24.414,0.4154,r,GN4r
2017-10-28T11:36:54,58054.484,54.483,1.443,0.513,23.392,23.80326873,23.806,0.2523,r,GN4r
2017-10-28T11:37:59,58054.485,54.484,1.443,0.513,23.392,23.5969325,23.599,0.2068,r,GN4r
2017-10-28T11:39:03,58054.485,54.485,1.443,0.513,23.392,23.34117162,23.344,0.1661,r,GN4r
2017-10-28T11:40:10,58054.486,54.486,1.443,0.513,23.392,23.6451759,23.648,0.2048,r,GN4r
2017-10-28T11:41:15,58054.487,54.486,1.443,0.513,23.392,23.81896804,23.822,0.2573,r,GN4r
2017-10-28T11:42:19,58054.488,54.487,1.443,0.513,23.392,24.09912353,24.102,0.3238,r,GN4r
2017-10-28T11:43:25,58054.488,54.488,1.443,0.513,23.392,23.33993822,23.342,0.1623,r,GN4r
2017-10-28T11:48:31,58054.492,54.491,1.443,0.513,23.392,23.87902248,23.882,0.2826,r,GN4r
2017-10-28T11:49:36,58054.493,54.492,1.443,0.513,23.392,23.36758851,23.37,0.1632,r,GN4r
2017-10-28T11:50:42,58054.494,54.493,1.443,0.513,23.392,23.33930001,23.342,0.173,r,GN4r
2017-10-28T11:51:48,58054.494,54.494,1.443,0.513,23.392,22.9348766,22.937,0.1169,r,GN4r
2017-10-28T11:52:55,58054.495,54.494,1.443,0.513,23.392,22.95731216,22.96,0.1227,r,GN4r
2017-10-28T11:54:02,58054.496,54.495,1.443,0.513,23.392,23.39218372,23.395,0.1776,r,GN4r
2017-10-28T11:55:08,58054.497,54.496,1.443,0.513,23.392,22.88554435,22.888,0.1154,r,GN4r
2017-10-28T11:56:13,58054.497,54.497,1.443,0.513,23.392,22.90160341,22.904,0.1174,r,GN4r
2017-10-28T11:57:20,58054.498,54.497,1.443,0.513,23.392,23.15978465,23.162,0.1681,r,GN4r
2017-10-28T11:58:27,58054.499,54.498,1.443,0.513,23.392,22.87520501,22.878,0.115,r,GN4r
2017-10-28T11:59:33,58054.5,54.499,1.443,0.513,23.392,22.71381014,22.716,0.1022,r,GN4r
2017-10-28T12:00:39,58054.5,54.5,1.443,0.513,23.392,22.8476729,22.85,0.1165,r,GN4r
2017-10-28T12:01:45,58054.501,54.501,1.444,0.514,23.427,23.05552433,23.049,0.1505,r,GN4r
2017-10-28T12:02:51,58054.502,54.501,1.444,0.514,23.427,22.64650045,22.64,0.0921,r,GN4r
2017-10-28T12:03:57,58054.503,54.502,1.444,0.514,23.427,22.99033239,22.984,0.1289,r,GN4r
2017-10-28T12:05:03,58054.504,54.503,1.444,0.514,23.427,22.72771988,22.721,0.1045,r,GN4r
2017-10-28T12:06:09,58054.504,54.504,1.444,0.514,23.427,22.89508194,22.889,0.1218,r,GN4r
2017-10-28T12:07:15,58054.505,54.504,1.444,0.514,23.427,22.72557318,22.719,0.1047,r,GN4r
2017-10-28T12:08:21,58054.506,54.505,1.444,0.514,23.427,23.17620629,23.17,0.1538,r,GN4r
2017-10-28T12:12:02,58054.508,54.508,1.444,0.514,23.427,22.62826666,22.622,0.0945,r,GN4r
2017-10-28T12:13:07,58054.509,54.508,1.444,0.514,23.427,22.73824918,22.732,0.1046,r,GN4r
2017-10-28T12:14:12,58054.51,54.509,1.444,0.514,23.427,22.68263606,22.676,0.1023,r,GN4r
2017-10-28T12:15:18,58054.511,54.51,1.444,0.514,23.427,22.58269895,22.576,0.096,r,GN4r
2017-10-28T12:16:24,58054.511,54.511,1.444,0.514,23.427,22.73012144,22.724,0.11,r,GN4r
2017-10-28T12:17:31,58054.512,54.511,1.444,0.514,23.427,22.79034737,22.784,0.1165,r,GN4r
2017-10-28T12:18:38,58054.513,54.512,1.444,0.514,23.427,22.59507435,22.589,0.0979,r,GN4r
2017-10-28T12:19:44,58054.514,54.513,1.444,0.514,23.427,22.64236739,22.636,0.1,r,GN4r
2017-10-28T12:20:50,58054.514,54.514,1.444,0.514,23.427,22.74019632,22.734,0.111,r,GN4r
2017-10-28T12:21:57,58054.515,54.515,1.444,0.514,23.427,22.78883978,22.782,0.1235,r,GN4r
2017-10-28T12:23:03,58054.516,54.515,1.444,0.514,23.427,22.58151893,22.575,0.1003,r,GN4r
2017-10-28T12:24:09,58054.517,54.516,1.444,0.514,23.427,22.54469631,22.538,0.0973,r,GN4r
2017-10-28T12:25:15,58054.518,54.517,1.444,0.514,23.427,22.56811599,22.562,0.1021,r,GN4r
2017-10-29T05:37:23,58055.234,55.233,1.461,0.538,24.002,23.0998,22.945,0.25,r,APO
2017-10-29T06:12:23,58055.259,55.258,1.462,0.54,24.034,22.74,22.577,0.03,r,GN5r
2017-10-29T06:19:03,58055.263,55.262,1.462,0.54,24.034,22.66,22.497,0.03,r,GN5r
2017-10-29T06:27:23,58055.269,55.268,1.462,0.54,24.034,23.11,22.107,0.07,g,GN5g
2017-10-29T06:33:39,58055.273,55.273,1.462,0.54,24.034,23.02,22.017,0.06,g,GN5g
2017-10-29T06:53:42,58055.287,55.286,1.462,0.54,24.034,22.3699,22.207,0.25,r,APO
2017-10-29T06:55:31,58055.289,55.288,1.462,0.54,24.034,21.19,21.857,0.07,J,GN5J
2017-10-29T07:10:24,58055.299,55.298,1.463,0.541,24.066,22.18,22.009,0.25,r,APO
2017-10-29T07:11:20,58055.3,55.299,1.463,0.541,24.066,21.29,21.949,0.08,J,GN5J
2017-10-29T07:23:13,58055.308,55.307,1.463,0.541,24.066,22.2197,22.048,0.25,r,APO
2017-10-29T07:25:09,58055.309,55.308,1.463,0.541,24.066,20.99,21.649,0.07,J,GN5J
2017-10-29T07:32:52,58055.315,55.314,1.463,0.541,24.066,22.3699,22.198,0.25,r,APO
2017-10-29T07:39:05,58055.319,55.318,1.463,0.541,24.066,22.4,21.389,0.03,g,GN5g
2017-10-29T07:39:38,58055.319,55.318,1.463,0.541,24.066,22.6399,22.468,0.25,r,APO
2017-10-29T07:44:50,58055.323,55.322,1.463,0.541,24.066,22.08,21.909,0.02,r,GN5r
2017-10-29T07:46:42,58055.324,55.323,1.463,0.541,24.066,22.6599,22.488,0.25,r,APO
2017-10-29T07:53:02,58055.329,55.328,1.463,0.541,24.066,22.44,22.269,0.25,r,APO
2017-10-29T07:59:31,58055.333,55.332,1.463,0.541,24.066,22.5505,22.379,0.25,r,APO
2017-10-29T08:05:51,58055.337,55.337,1.464,0.543,24.097,22.7304,22.551,0.25,r,APO
2017-10-29T08:15:21,58055.344,55.343,1.464,0.543,24.097,23.1201,22.94,0.25,r,APO
2017-10-29T08:30:20,58055.354,55.354,1.464,0.543,24.097,23.4602,23.28,0.25,r,APO
2017-10-29T19:52:58,58055.828,55.828,1.474,0.559,24.416,22.47,22.199,0.09,r,WHT5r
2017-10-29T20:05:51,58055.837,55.836,1.475,0.56,24.445,23.28,22.161,0.3,g,WHT5g
2017-10-29T20:18:54,58055.846,55.846,1.475,0.56,24.445,22.83,22.551,0.11,r,WHT5r
2017-10-29T20:43:14,58055.863,55.862,1.475,0.56,24.445,22.81,22.841,0.08,i,WHT5i
2017-10-29T21:04:49,58055.878,55.877,1.476,0.561,24.474,23.4,23.113,0.18,r,WHT5r
2017-10-29T23:18:57,58055.971,55.971,1.478,0.564,24.531,22.15,21.83,0.15,R,No2R
2017-10-30T00:18:57,58056.013,56.012,1.479,0.566,24.56,22.15,21.822,0.15,R,No2pR
2017-10-30T02:09:01,58056.09,56.089,1.481,0.569,24.616,22.49,22.146,0.15,R,No2R
2017-10-30T03:09:01,58056.131,56.13,1.482,0.57,24.644,22.49,22.137,0.15,R,No2pR
2017-10-30T02:17:57,58056.096,56.095,1.482,0.57,24.644,22.2,21.847,0.15,R,No2R
2017-10-30T03:17:57,58056.137,56.136,1.482,0.57,24.644,22.2,21.847,0.15,R,No2pR
2017-10-30T04:19:32,58056.18,56.179,1.483,0.571,24.672,22.895,22.551,0.18,r,D6r
2017-10-30T05:19:33,58056.222,56.221,1.484,0.573,24.699,22.895,22.543,0.18,r,D6rp1
2017-10-30T04:25:05,58056.184,56.183,1.484,0.573,24.699,23.305,22.953,0.223,r,D6r
2017-10-30T05:25:05,58056.226,56.225,1.484,0.573,24.699,23.305,22.953,0.223,r,D6rp1
2017-10-30T04:30:31,58056.188,56.187,1.484,0.573,24.699,23.17,22.818,0.2,r,D6r
2017-10-30T05:30:31,58056.23,56.229,1.484,0.573,24.699,23.17,22.818,0.2,r,D6rp1
2017-10-30T04:37:19,58056.193,56.192,1.484,0.573,24.699,23.293,22.941,0.215,r,D6r
2017-10-30T05:37:19,58056.234,56.233,1.484,0.573,24.699,23.293,22.941,0.215,r,D6rp1
2017-10-30T04:42:43,58056.196,56.195,1.484,0.573,24.699,23.422,23.07,0.23,r,D6r
2017-10-30T05:42:43,58056.238,56.237,1.484,0.573,24.699,23.422,23.07,0.23,r,D6rp1
2017-10-30T04:48:07,58056.2,56.199,1.484,0.573,24.699,23.432,23.08,0.237,r,D6r
2017-10-30T05:48:07,58056.242,56.241,1.484,0.573,24.699,23.432,23.08,0.237,r,D6rp1
2017-10-30T04:55:27,58056.205,56.204,1.484,0.573,24.699,23.435,23.083,0.232,r,D6r
2017-10-30T05:55:27,58056.247,56.246,1.484,0.573,24.699,23.435,23.083,0.232,r,D6rp1
2017-10-30T05:00:51,58056.209,56.208,1.484,0.573,24.699,23.422,23.07,0.238,r,D6r
2017-10-30T06:00:51,58056.251,56.25,1.484,0.573,24.699,23.422,23.07,0.238,r,D6rp1
2017-10-30T05:06:12,58056.213,56.212,1.484,0.573,24.699,23.801,23.449,0.311,r,D6r
2017-10-30T06:06:12,58056.254,56.253,1.485,0.574,24.726,23.801,23.441,0.311,r,D6rp1
2017-10-30T05:11:36,58056.216,56.215,1.485,0.574,24.726,24.079,23.719,0.387,r,D6r
2017-10-30T06:11:36,58056.258,56.257,1.485,0.574,24.726,24.079,23.719,0.387,r,D6rp1
2017-10-30T05:17:07,58056.22,56.219,1.485,0.574,24.726,23.934,23.574,0.346,r,D6r
2017-10-30T06:17:07,58056.262,56.261,1.485,0.574,24.726,23.934,23.574,0.346,r,D6rp1
2017-10-30T05:22:34,58056.224,56.223,1.485,0.574,24.726,24.18,23.82,0.415,r,D6r
2017-10-30T06:22:34,58056.266,56.265,1.485,0.574,24.726,24.18,23.82,0.415,r,D6rp1
2017-10-30T05:28:23,58056.228,56.227,1.485,0.574,24.726,24.489,24.129,0.526,r,D6r
2017-10-30T06:28:22,58056.27,56.269,1.485,0.574,24.726,24.489,24.129,0.526,r,D6rp1
2017-10-30T05:33:39,58056.232,56.231,1.485,0.574,24.726,24.164,23.804,0.418,r,D6r
2017-10-30T06:33:40,58056.273,56.272,1.485,0.574,24.726,24.164,23.804,0.418,r,D6rp1
2017-10-30T05:39:07,58056.236,56.234,1.485,0.574,24.726,24.391,24.031,0.492,r,D6r
2017-10-30T06:39:07,58056.277,56.276,1.485,0.574,24.726,24.391,24.031,0.492,r,D6rp1
2017-10-30T05:45:10,58056.24,56.239,1.485,0.574,24.726,23.874,23.514,0.343,r,D6r
2017-10-30T06:45:10,58056.281,56.28,1.485,0.574,24.726,23.874,23.514,0.343,r,D6rp1
2017-10-30T05:50:44,58056.244,56.243,1.485,0.574,24.726,24.142,23.782,0.417,r,D6r
2017-10-30T06:50:44,58056.285,56.284,1.485,0.574,24.726,24.142,23.782,0.417,r,D6rp1
2017-10-30T05:56:04,58056.247,56.246,1.485,0.574,24.726,23.814,23.454,0.328,r,D6r
2017-10-30T06:56:05,58056.289,56.288,1.485,0.574,24.726,23.814,23.454,0.328,r,D6rp1
2017-10-30T06:01:50,58056.251,56.25,1.485,0.574,24.726,23.555,23.195,0.284,r,D6r
2017-10-30T07:01:50,58056.293,56.292,1.486,0.576,24.753,23.555,23.187,0.284,r,D6rp1
2017-10-30T06:07:11,58056.255,56.254,1.486,0.576,24.753,23.687,23.319,0.303,r,D6r
2017-10-30T07:07:10,58056.297,56.296,1.486,0.576,24.753,23.687,23.319,0.303,r,D6rp1
2017-10-30T06:12:34,58056.259,56.258,1.486,0.576,24.753,23.624,23.256,0.295,r,D6r
2017-10-30T07:12:34,58056.3,56.299,1.486,0.576,24.753,23.624,23.256,0.295,r,D6rp1
2017-10-30T06:18:30,58056.263,56.262,1.486,0.576,24.753,22.905,22.537,0.178,r,D6r
2017-10-30T07:18:30,58056.305,56.303,1.486,0.576,24.753,22.905,22.537,0.178,r,D6rp1
2017-10-30T06:23:50,58056.267,56.266,1.486,0.576,24.753,23.084,22.716,0.212,r,D6r
2017-10-30T07:23:51,58056.308,56.307,1.486,0.576,24.753,23.084,22.716,0.212,r,D6rp1
2017-10-30T06:29:25,58056.27,56.269,1.486,0.576,24.753,23.236,22.868,0.227,r,D6r
2017-10-30T07:29:25,58056.312,56.311,1.486,0.576,24.753,23.236,22.868,0.227,r,D6rp1
2017-10-30T06:34:52,58056.274,56.273,1.486,0.576,24.753,22.99,22.622,0.196,r,D6r
2017-10-30T07:34:52,58056.316,56.315,1.486,0.576,24.753,22.99,22.622,0.196,r,D6rp1
2017-10-30T06:40:16,58056.278,56.277,1.486,0.576,24.753,23.227,22.859,0.234,r,D6r
2017-10-30T07:40:16,58056.32,56.319,1.486,0.576,24.753,23.227,22.859,0.234,r,D6rp1
2017-10-30T06:45:44,58056.282,56.281,1.486,0.576,24.753,22.687,22.319,0.161,r,D6r
2017-10-30T07:45:44,58056.323,56.322,1.486,0.576,24.753,22.687,22.319,0.161,r,D6rp1
2017-10-30T06:51:08,58056.286,56.284,1.486,0.576,24.753,23.179,22.811,0.224,r,D6r
2017-10-30T07:51:08,58056.327,56.326,1.486,0.576,24.753,23.179,22.811,0.224,r,D6rp1
2017-10-30T06:56:32,58056.289,56.288,1.486,0.576,24.753,22.747,22.379,0.163,r,D6r
2017-10-30T07:56:32,58056.331,56.33,1.486,0.576,24.753,22.747,22.379,0.163,r,D6rp1
2017-10-30T07:01:52,58056.293,56.292,1.486,0.576,24.753,22.841,22.473,0.177,r,D6r
2017-10-30T08:01:52,58056.335,56.334,1.487,0.577,24.779,22.841,22.465,0.177,r,D6rp1
2017-11-21T00:46:49,58078.033,78.027,1.979,1.364,27.201,25.421,22.408,0.240129296,w,M21w
2017-11-21T01:03:14,58078.044,78.038,1.979,1.364,27.201,24.923,21.91,0.1596,w,M21w
2017-11-21T01:25:11,58078.059,78.054,1.98,1.365,27.197,25.131,22.114,0.175053728,w,M21w
2017-11-21T01:57:34,58078.082,78.076,1.98,1.365,27.197,24.985,21.968,0.1634,w,M21w
2017-11-21T03:20:53,58078.14,78.134,1.982,1.368,27.188,24.787,21.294,0.035,V,H21V
2017-11-21T03:29:54,58078.146,78.14,1.982,1.368,27.188,24.843,21.35,0.034,V,H21V
2017-11-21T03:38:55,58078.152,78.146,1.982,1.368,27.188,24.784,21.291,0.032,V,H21V
2017-11-21T03:38:55,58078.152,78.146,1.982,1.368,27.188,24.886,21.393,0.025,V,H21Vgood
2017-11-21T03:47:56,58078.158,78.153,1.982,1.368,27.188,24.816,21.323,0.034,V,H21V
2017-11-21T03:56:57,58078.165,78.159,1.982,1.368,27.188,24.963,21.47,0.037,V,H21V
2017-11-21T04:56:14,58078.206,78.2,1.983,1.37,27.184,23.983,20.486,0.02,V,H21V
2017-11-21T05:05:15,58078.212,78.206,1.983,1.37,27.184,25.11,21.613,0.04,V,H21V
2017-11-21T05:14:16,58078.218,78.213,1.984,1.372,27.18,25.05,21.55,0.037,V,H21V
2017-11-21T05:18:47,58078.221,78.216,1.984,1.372,27.18,24.999,21.499,0.03,V,H21Vgood
2017-11-21T05:23:17,58078.225,78.219,1.984,1.372,27.18,24.284,20.784,0.022,V,H21V
2017-11-21T05:32:18,58078.231,78.225,1.984,1.372,27.18,24.928,21.428,0.039,V,H21V
2017-11-22T05:07:28,58079.214,79.208,2.005,1.407,27.072,25.107,22.003,0.2047,w,c22w3
2017-11-22T05:14:10,58079.218,79.212,2.006,1.409,27.067,25.746,22.638,0.3712,w,c22w3
2017-11-22T05:20:52,58079.223,79.217,2.006,1.409,27.067,25.104,21.996,0.2012,w,c22w3
2017-11-22T05:27:37,58079.228,79.222,2.006,1.409,27.067,25.945,22.837,0.4377,w,c22w3
2017-11-22T05:34:19,58079.232,79.226,2.006,1.409,27.067,25.673,22.565,0.3393,w,c22w3
2017-11-22T05:41:01,58079.237,79.231,2.006,1.409,27.067,25.886,22.778,0.4149,w,c22w3
2017-11-22T05:47:43,58079.241,79.236,2.006,1.409,27.067,25.915,22.807,0.4216,w,c22w3
2017-11-22T05:54:24,58079.246,79.24,2.006,1.409,27.067,24.932,21.824,0.1663,w,c22w3
2017-11-22T06:01:11,58079.251,79.245,2.006,1.409,27.067,25.59,22.482,0.3068,w,c22w3
2017-11-22T06:07:53,58079.255,79.25,2.006,1.409,27.067,25.485,22.377,0.27,w,c22w3
2017-11-22T06:14:36,58079.26,79.254,2.007,1.411,27.062,25.743,22.632,0.34,w,c22w3
2017-11-22T06:21:16,58079.265,79.259,2.007,1.411,27.062,25.208,22.097,0.2133,w,c22w3
2017-11-22T06:27:58,58079.269,79.264,2.007,1.411,27.062,24.896,21.785,0.156,w,c22w3
2017-11-22T06:34:41,58079.274,79.268,2.007,1.411,27.062,25.336,22.225,0.2347,w,c22w3
2017-11-22T06:41:23,58079.279,79.273,2.007,1.411,27.062,26.047,22.936,0.4455,w,c22w3
2017-11-22T06:48:04,58079.283,79.278,2.007,1.411,27.062,25.46,22.349,0.256,w,c22w3
2017-11-22T06:54:46,58079.288,79.282,2.007,1.411,27.062,26.052,22.941,0.4475,w,c22w3
2017-11-22T07:01:28,58079.293,79.287,2.007,1.411,27.062,25.055,21.944,0.1787,w,c22w3
2017-11-22T07:08:09,58079.297,79.291,2.007,1.411,27.062,25.311,22.2,0.2366,w,c22w3
2017-11-22T07:14:51,58079.302,79.296,2.008,1.412,27.057,25.48,22.366,0.2705,w,c22w3
2017-11-22T07:22:09,58079.307,79.301,2.008,1.412,27.057,25.435,22.321,0.2641,w,c22w3
2017-11-22T07:28:50,58079.312,79.306,2.008,1.412,27.057,25.401,22.287,0.2576,w,c22w3
2017-11-22T07:35:33,58079.316,79.311,2.008,1.412,27.057,25.502,22.388,0.2878,w,c22w3
2017-11-22T07:42:15,58079.321,79.315,2.008,1.412,27.057,25.84,22.726,0.4089,w,c22w3
2017-11-22T07:48:56,58079.326,79.32,2.008,1.412,27.057,25.931,22.817,0.4331,w,c22w3
2017-11-22T12:43:43,58079.53,79.524,2.012,1.42,27.031,25.555,21.955,0.062,V,H21V
2017-11-22T12:52:44,58079.537,79.531,2.012,1.42,27.031,24.124,20.524,0.019,V,H21V
2017-11-22T13:01:45,58079.543,79.537,2.012,1.42,27.031,25.209,21.609,0.042,V,H21V
2017-11-22T13:01:45,58079.543,79.537,2.012,1.42,27.031,25.251,21.651,0.031,V,H21Vgood
2017-11-22T13:10:46,58079.549,79.543,2.013,1.421,27.026,25.131,21.528,0.041,V,H21V
2017-11-22T13:19:47,58079.555,79.55,2.013,1.421,27.026,25.048,21.445,0.038,V,H21V
2017-11-23T08:45:06,58080.365,80.359,2.031,1.451,26.931,25.024,21.831,0.2263,w,c23w3
2017-11-23T08:51:48,58080.369,80.363,2.031,1.451,26.931,26.354,23.161,0.7198,w,c23w3
2017-11-23T08:58:29,58080.374,80.368,2.031,1.451,26.931,25.779,22.586,0.4168,w,c23w3
2017-11-23T09:05:11,58080.379,80.373,2.031,1.451,26.931,26.224,23.031,0.6615,w,c23w3
2017-11-23T09:11:53,58080.383,80.377,2.032,1.453,26.926,25.481,22.285,0.3368,w,c23w3
