Date,Time,JD,MJD,Phase
2017-Oct-25,0:00,2458051.5,51,19.1726
2017-Oct-25,0:30,2458051.521,51.02083333,19.2064
2017-Oct-25,1:00,2458051.542,51.04166666,19.2401
2017-Oct-25,1:30,2458051.563,51.0625,19.2737
2017-Oct-25,2:00,2458051.583,51.08333333,19.3071
2017-Oct-25,2:30,2458051.604,51.10416666,19.3405
2017-Oct-25,3:00,2458051.625,51.125,19.3736
2017-Oct-25,3:30,2458051.646,51.14583333,19.4067
2017-Oct-25,4:00,2458051.667,51.16666666,19.4396
2017-Oct-25,4:30,2458051.688,51.1875,19.4724
2017-Oct-25,5:00,2458051.708,51.20833333,19.5051
2017-Oct-25,5:30,2458051.729,51.22916666,19.5377
2017-Oct-25,6:00,2458051.75,51.25,19.5701
2017-Oct-25,6:30,2458051.771,51.27083333,19.6024
2017-Oct-25,7:00,2458051.792,51.29166666,19.6346
2017-Oct-25,7:30,2458051.813,51.3125,19.6666
2017-Oct-25,8:00,2458051.833,51.33333333,19.6985
2017-Oct-25,8:30,2458051.854,51.35416666,19.7303
2017-Oct-25,9:00,2458051.875,51.375,19.762
2017-Oct-25,9:30,2458051.896,51.39583333,19.7936
2017-Oct-25,10:00,2458051.917,51.41666666,19.825
2017-Oct-25,10:30,2458051.938,51.4375,19.8563
2017-Oct-25,11:00,2458051.958,51.45833333,19.8875
2017-Oct-25,11:30,2458051.979,51.47916666,19.9186
2017-Oct-25,12:00,2458052,51.5,19.9496
2017-Oct-25,12:30,2458052.021,51.52083333,19.9804
2017-Oct-25,13:00,2458052.042,51.54166666,20.0111
2017-Oct-25,13:30,2458052.063,51.5625,20.0417
2017-Oct-25,14:00,2458052.083,51.58333333,20.0722
2017-Oct-25,14:30,2458052.104,51.60416666,20.1026
2017-Oct-25,15:00,2458052.125,51.625,20.1329
2017-Oct-25,15:30,2458052.146,51.64583333,20.163
2017-Oct-25,16:00,2458052.167,51.66666666,20.193
2017-Oct-25,16:30,2458052.188,51.6875,20.2229
2017-Oct-25,17:00,2458052.208,51.70833333,20.2527
2017-Oct-25,17:30,2458052.229,51.72916666,20.2824
2017-Oct-25,18:00,2458052.25,51.75,20.312
2017-Oct-25,18:30,2458052.271,51.77083333,20.3414
2017-Oct-25,19:00,2458052.292,51.79166666,20.3707
2017-Oct-25,19:30,2458052.313,51.8125,20.4
2017-Oct-25,20:00,2458052.333,51.83333333,20.4291
2017-Oct-25,20:30,2458052.354,51.85416666,20.4581
2017-Oct-25,21:00,2458052.375,51.875,20.487
2017-Oct-25,21:30,2458052.396,51.89583333,20.5158
2017-Oct-25,22:00,2458052.417,51.91666666,20.5444
2017-Oct-25,22:30,2458052.438,51.9375,20.573
2017-Oct-25,23:00,2458052.458,51.95833333,20.6015
2017-Oct-25,23:30,2458052.479,51.97916666,20.6298
2017-Oct-26,0:00,2458052.5,52,20.6581
2017-Oct-26,0:30,2458052.521,52.02083333,20.6862
2017-Oct-26,1:00,2458052.542,52.04166666,20.7142
2017-Oct-26,1:30,2458052.563,52.0625,20.7421
2017-Oct-26,2:00,2458052.583,52.08333333,20.7699
2017-Oct-26,2:30,2458052.604,52.10416666,20.7977
2017-Oct-26,3:00,2458052.625,52.125,20.8253
2017-Oct-26,3:30,2458052.646,52.14583333,20.8528
2017-Oct-26,4:00,2458052.667,52.16666666,20.8801
2017-Oct-26,4:30,2458052.688,52.1875,20.9074
2017-Oct-26,5:00,2458052.708,52.20833333,20.9346
2017-Oct-26,5:30,2458052.729,52.22916666,20.9617
2017-Oct-26,6:00,2458052.75,52.25,20.9887
2017-Oct-26,6:30,2458052.771,52.27083333,21.0156
2017-Oct-26,7:00,2458052.792,52.29166666,21.0423
2017-Oct-26,7:30,2458052.813,52.3125,21.069
2017-Oct-26,8:00,2458052.833,52.33333333,21.0956
2017-Oct-26,8:30,2458052.854,52.35416666,21.1221
2017-Oct-26,9:00,2458052.875,52.375,21.1484
2017-Oct-26,9:30,2458052.896,52.39583333,21.1747
2017-Oct-26,10:00,2458052.917,52.41666666,21.2009
2017-Oct-26,10:30,2458052.938,52.4375,21.2269
2017-Oct-26,11:00,2458052.958,52.45833333,21.2529
2017-Oct-26,11:30,2458052.979,52.47916666,21.2788
2017-Oct-26,12:00,2458053,52.5,21.3046
2017-Oct-26,12:30,2458053.021,52.52083333,21.3303
2017-Oct-26,13:00,2458053.042,52.54166666,21.3559
2017-Oct-26,13:30,2458053.063,52.5625,21.3813
2017-Oct-26,14:00,2458053.083,52.58333333,21.4067
2017-Oct-26,14:30,2458053.104,52.60416666,21.432
2017-Oct-26,15:00,2458053.125,52.625,21.4572
2017-Oct-26,15:30,2458053.146,52.64583333,21.4824
2017-Oct-26,16:00,2458053.167,52.66666666,21.5074
2017-Oct-26,16:30,2458053.188,52.6875,21.5323
2017-Oct-26,17:00,2458053.208,52.70833333,21.5571
2017-Oct-26,17:30,2458053.229,52.72916666,21.5819
2017-Oct-26,18:00,2458053.25,52.75,21.6065
2017-Oct-26,18:30,2458053.271,52.77083333,21.631
2017-Oct-26,19:00,2458053.292,52.79166666,21.6555
2017-Oct-26,19:30,2458053.313,52.8125,21.6799
2017-Oct-26,20:00,2458053.333,52.83333333,21.7041
2017-Oct-26,20:30,2458053.354,52.85416666,21.7283
2017-Oct-26,21:00,2458053.375,52.875,21.7524
2017-Oct-26,21:30,2458053.396,52.89583333,21.7764
2017-Oct-26,22:00,2458053.417,52.91666666,21.8003
2017-Oct-26,22:30,2458053.438,52.9375,21.8241
2017-Oct-26,23:00,2458053.458,52.95833333,21.8479
2017-Oct-26,23:30,2458053.479,52.97916666,21.8715
2017-Oct-27,0:00,2458053.5,53,21.8951
2017-Oct-27,0:30,2458053.521,53.02083333,21.9186
2017-Oct-27,1:00,2458053.542,53.04166666,21.9419
2017-Oct-27,1:30,2458053.563,53.0625,21.9652
2017-Oct-27,2:00,2458053.583,53.08333333,21.9884
2017-Oct-27,2:30,2458053.604,53.10416666,22.0116
2017-Oct-27,3:00,2458053.625,53.125,22.0346
2017-Oct-27,3:30,2458053.646,53.14583333,22.0575
2017-Oct-27,4:00,2458053.667,53.16666666,22.0804
2017-Oct-27,4:30,2458053.688,53.1875,22.1032
2017-Oct-27,5:00,2458053.708,53.20833333,22.1259
2017-Oct-27,5:30,2458053.729,53.22916666,22.1485
2017-Oct-27,6:00,2458053.75,53.25,22.171
2017-Oct-27,6:30,2458053.771,53.27083333,22.1934
2017-Oct-27,7:00,2458053.792,53.29166666,22.2158
2017-Oct-27,7:30,2458053.813,53.3125,22.2381
2017-Oct-27,8:00,2458053.833,53.33333333,22.2603
2017-Oct-27,8:30,2458053.854,53.35416666,22.2824
2017-Oct-27,9:00,2458053.875,53.375,22.3044
2017-Oct-27,9:30,2458053.896,53.39583333,22.3263
2017-Oct-27,10:00,2458053.917,53.41666666,22.3482
2017-Oct-27,10:30,2458053.938,53.4375,22.37
2017-Oct-27,11:00,2458053.958,53.45833333,22.3917
2017-Oct-27,11:30,2458053.979,53.47916666,22.4133
2017-Oct-27,12:00,2458054,53.5,22.4348
2017-Oct-27,12:30,2458054.021,53.52083333,22.4563
2017-Oct-27,13:00,2458054.042,53.54166666,22.4777
2017-Oct-27,13:30,2458054.063,53.5625,22.499
2017-Oct-27,14:00,2458054.083,53.58333333,22.5202
2017-Oct-27,14:30,2458054.104,53.60416666,22.5414
2017-Oct-27,15:00,2458054.125,53.625,22.5624
2017-Oct-27,15:30,2458054.146,53.64583333,22.5834
2017-Oct-27,16:00,2458054.167,53.66666666,22.6043
2017-Oct-27,16:30,2458054.188,53.6875,22.6252
2017-Oct-27,17:00,2458054.208,53.70833333,22.6459
2017-Oct-27,17:30,2458054.229,53.72916666,22.6666
2017-Oct-27,18:00,2458054.25,53.75,22.6872
2017-Oct-27,18:30,2458054.271,53.77083333,22.7077
2017-Oct-27,19:00,2458054.292,53.79166666,22.7282
2017-Oct-27,19:30,2458054.313,53.8125,22.7486
2017-Oct-27,20:00,2458054.333,53.83333333,22.7689
2017-Oct-27,20:30,2458054.354,53.85416666,22.7891
2017-Oct-27,21:00,2458054.375,53.875,22.8092
2017-Oct-27,21:30,2458054.396,53.89583333,22.8293
2017-Oct-27,22:00,2458054.417,53.91666666,22.8493
2017-Oct-27,22:30,2458054.438,53.9375,22.8692
2017-Oct-27,23:00,2458054.458,53.95833333,22.8891
2017-Oct-27,23:30,2458054.479,53.97916666,22.9089
2017-Oct-28,0:00,2458054.5,54,22.9286
2017-Oct-28,0:30,2458054.521,54.02083333,22.9482
2017-Oct-28,1:00,2458054.542,54.04166666,22.9678
2017-Oct-28,1:30,2458054.563,54.0625,22.9873
2017-Oct-28,2:00,2458054.583,54.08333333,23.0067
2017-Oct-28,2:30,2458054.604,54.10416666,23.0261
2017-Oct-28,3:00,2458054.625,54.125,23.0453
2017-Oct-28,3:30,2458054.646,54.14583333,23.0646
2017-Oct-28,4:00,2458054.667,54.16666666,23.0837
2017-Oct-28,4:30,2458054.688,54.1875,23.1028
2017-Oct-28,5:00,2458054.708,54.20833333,23.1218
2017-Oct-28,5:30,2458054.729,54.22916666,23.1407
2017-Oct-28,6:00,2458054.75,54.25,23.1595
2017-Oct-28,6:30,2458054.771,54.27083333,23.1783
2017-Oct-28,7:00,2458054.792,54.29166666,23.1971
2017-Oct-28,7:30,2458054.813,54.3125,23.2157
2017-Oct-28,8:00,2458054.833,54.33333333,23.2343
2017-Oct-28,8:30,2458054.854,54.35416666,23.2528
2017-Oct-28,9:00,2458054.875,54.375,23.2713
2017-Oct-28,9:30,2458054.896,54.39583333,23.2896
2017-Oct-28,10:00,2458054.917,54.41666666,23.308
2017-Oct-28,10:30,2458054.938,54.4375,23.3262
2017-Oct-28,11:00,2458054.958,54.45833333,23.3444
2017-Oct-28,11:30,2458054.979,54.47916666,23.3625
2017-Oct-28,12:00,2458055,54.5,23.3805
2017-Oct-28,12:30,2458055.021,54.52083333,23.3985
2017-Oct-28,13:00,2458055.042,54.54166666,23.4164
2017-Oct-28,13:30,2458055.063,54.5625,23.4343
2017-Oct-28,14:00,2458055.083,54.58333333,23.4521
2017-Oct-28,14:30,2458055.104,54.60416666,23.4698
2017-Oct-28,15:00,2458055.125,54.625,23.4874
2017-Oct-28,15:30,2458055.146,54.64583333,23.505
2017-Oct-28,16:00,2458055.167,54.66666666,23.5226
2017-Oct-28,16:30,2458055.188,54.6875,23.54
2017-Oct-28,17:00,2458055.208,54.70833333,23.5574
2017-Oct-28,17:30,2458055.229,54.72916666,23.5748
2017-Oct-28,18:00,2458055.25,54.75,23.592
2017-Oct-28,18:30,2458055.271,54.77083333,23.6092
2017-Oct-28,19:00,2458055.292,54.79166666,23.6264
2017-Oct-28,19:30,2458055.313,54.8125,23.6435
2017-Oct-28,20:00,2458055.333,54.83333333,23.6605
2017-Oct-28,20:30,2458055.354,54.85416666,23.6774
2017-Oct-28,21:00,2458055.375,54.875,23.6943
2017-Oct-28,21:30,2458055.396,54.89583333,23.7112
2017-Oct-28,22:00,2458055.417,54.91666666,23.728
2017-Oct-28,22:30,2458055.438,54.9375,23.7447
2017-Oct-28,23:00,2458055.458,54.95833333,23.7613
2017-Oct-28,23:30,2458055.479,54.97916666,23.7779
2017-Oct-29,0:00,2458055.5,55,23.7944
2017-Oct-29,0:30,2458055.521,55.02083333,23.8109
2017-Oct-29,1:00,2458055.542,55.04166666,23.8273
2017-Oct-29,1:30,2458055.563,55.0625,23.8437
2017-Oct-29,2:00,2458055.583,55.08333333,23.86
2017-Oct-29,2:30,2458055.604,55.10416666,23.8762
2017-Oct-29,3:00,2458055.625,55.125,23.8924
2017-Oct-29,3:30,2458055.646,55.14583333,23.9085
2017-Oct-29,4:00,2458055.667,55.16666666,23.9245
2017-Oct-29,4:30,2458055.688,55.1875,23.9405
2017-Oct-29,5:00,2458055.708,55.20833333,23.9565
2017-Oct-29,5:30,2458055.729,55.22916666,23.9724
2017-Oct-29,6:00,2458055.75,55.25,23.9882
2017-Oct-29,6:30,2458055.771,55.27083333,24.004
2017-Oct-29,7:00,2458055.792,55.29166666,24.0197
2017-Oct-29,7:30,2458055.813,55.3125,24.0353
2017-Oct-29,8:00,2458055.833,55.33333333,24.0509
2017-Oct-29,8:30,2458055.854,55.35416666,24.0665
2017-Oct-29,9:00,2458055.875,55.375,24.0819
2017-Oct-29,9:30,2458055.896,55.39583333,24.0974
2017-Oct-29,10:00,2458055.917,55.41666666,24.1127
2017-Oct-29,10:30,2458055.938,55.4375,24.1281
2017-Oct-29,11:00,2458055.958,55.45833333,24.1433
2017-Oct-29,11:30,2458055.979,55.47916666,24.1585
2017-Oct-29,12:00,2458056,55.5,24.1737
2017-Oct-29,12:30,2458056.021,55.52083333,24.1888
2017-Oct-29,13:00,2458056.042,55.54166666,24.2038
2017-Oct-29,13:30,2458056.063,55.5625,24.2188
2017-Oct-29,14:00,2458056.083,55.58333333,24.2337
2017-Oct-29,14:30,2458056.104,55.60416666,24.2486
2017-Oct-29,15:00,2458056.125,55.625,24.2634
2017-Oct-29,15:30,2458056.146,55.64583333,24.2782
2017-Oct-29,16:00,2458056.167,55.66666666,24.2929
2017-Oct-29,16:30,2458056.188,55.6875,24.3076
2017-Oct-29,17:00,2458056.208,55.70833333,24.3222
2017-Oct-29,17:30,2458056.229,55.72916666,24.3367
2017-Oct-29,18:00,2458056.25,55.75,24.3512
2017-Oct-29,18:30,2458056.271,55.77083333,24.3657
2017-Oct-29,19:00,2458056.292,55.79166666,24.3801
2017-Oct-29,19:30,2458056.313,55.8125,24.3944
2017-Oct-29,20:00,2458056.333,55.83333333,24.4087
2017-Oct-29,20:30,2458056.354,55.85416666,24.423
2017-Oct-29,21:00,2458056.375,55.875,24.4371
2017-Oct-29,21:30,2458056.396,55.89583333,24.4513
2017-Oct-29,22:00,2458056.417,55.91666666,24.4654
2017-Oct-29,22:30,2458056.438,55.9375,24.4794
2017-Oct-29,23:00,2458056.458,55.95833333,24.4934
2017-Oct-29,23:30,2458056.479,55.97916666,24.5073
2017-Oct-30,0:00,2458056.5,56,24.5212
2017-Oct-30,0:30,2458056.521,56.02083333,24.535
2017-Oct-30,1:00,2458056.542,56.04166666,24.5488
2017-Oct-30,1:30,2458056.563,56.0625,24.5626
2017-Oct-30,2:00,2458056.583,56.08333333,24.5763
2017-Oct-30,2:30,2458056.604,56.10416666,24.5899
2017-Oct-30,3:00,2458056.625,56.125,24.6035
2017-Oct-30,3:30,2458056.646,56.14583333,24.617
2017-Oct-30,4:00,2458056.667,56.16666666,24.6305
2017-Oct-30,4:30,2458056.688,56.1875,24.6439
2017-Oct-30,5:00,2458056.708,56.20833333,24.6573
2017-Oct-30,5:30,2458056.729,56.22916666,24.6707
2017-Oct-30,6:00,2458056.75,56.25,24.684
2017-Oct-30,6:30,2458056.771,56.27083333,24.6972
2017-Oct-30,7:00,2458056.792,56.29166666,24.7104
2017-Oct-30,7:30,2458056.813,56.3125,24.7236
2017-Oct-30,8:00,2458056.833,56.33333333,24.7367
2017-Oct-30,8:30,2458056.854,56.35416666,24.7497
2017-Oct-30,9:00,2458056.875,56.375,24.7627
2017-Oct-30,9:30,2458056.896,56.39583333,24.7757
2017-Oct-30,10:00,2458056.917,56.41666666,24.7886
2017-Oct-30,10:30,2458056.938,56.4375,24.8015
2017-Oct-30,11:00,2458056.958,56.45833333,24.8143
2017-Oct-30,11:30,2458056.979,56.47916666,24.827
2017-Oct-30,12:00,2458057,56.5,24.8398
2017-Oct-30,12:30,2458057.021,56.52083333,24.8525
2017-Oct-30,13:00,2458057.042,56.54166666,24.8651
2017-Oct-30,13:30,2458057.063,56.5625,24.8777
2017-Oct-30,14:00,2458057.083,56.58333333,24.8902
2017-Oct-30,14:30,2458057.104,56.60416666,24.9027
2017-Oct-30,15:00,2458057.125,56.625,24.9152
2017-Oct-30,15:30,2458057.146,56.64583333,24.9276
2017-Oct-30,16:00,2458057.167,56.66666666,24.9399
2017-Oct-30,16:30,2458057.188,56.6875,24.9523
2017-Oct-30,17:00,2458057.208,56.70833333,24.9645
2017-Oct-30,17:30,2458057.229,56.72916666,24.9768
2017-Oct-30,18:00,2458057.25,56.75,24.9889
2017-Oct-30,18:30,2458057.271,56.77083333,25.0011
2017-Oct-30,19:00,2458057.292,56.79166666,25.0132
2017-Oct-30,19:30,2458057.313,56.8125,25.0252
2017-Oct-30,20:00,2458057.333,56.83333333,25.0372
2017-Oct-30,20:30,2458057.354,56.85416666,25.0492
2017-Oct-30,21:00,2458057.375,56.875,25.0611
2017-Oct-30,21:30,2458057.396,56.89583333,25.073
2017-Oct-30,22:00,2458057.417,56.91666666,25.0848
2017-Oct-30,22:30,2458057.438,56.9375,25.0966
2017-Oct-30,23:00,2458057.458,56.95833333,25.1084
2017-Oct-30,23:30,2458057.479,56.97916666,25.1201
2017-Oct-31,0:00,2458057.5,57,25.1317
2017-Oct-31,0:30,2458057.521,57.02083333,25.1434
2017-Oct-31,1:00,2458057.542,57.04166666,25.155
2017-Oct-31,1:30,2458057.563,57.0625,25.1665
2017-Oct-31,2:00,2458057.583,57.08333333,25.178
2017-Oct-31,2:30,2458057.604,57.10416666,25.1894
2017-Oct-31,3:00,2458057.625,57.125,25.2008
2017-Oct-31,3:30,2458057.646,57.14583333,25.2122
2017-Oct-31,4:00,2458057.667,57.16666666,25.2236
2017-Oct-31,4:30,2458057.688,57.1875,25.2348
2017-Oct-31,5:00,2458057.708,57.20833333,25.2461
2017-Oct-31,5:30,2458057.729,57.22916666,25.2573
2017-Oct-31,6:00,2458057.75,57.25,25.2685
2017-Oct-31,6:30,2458057.771,57.27083333,25.2796
2017-Oct-31,7:00,2458057.792,57.29166666,25.2907
2017-Oct-31,7:30,2458057.813,57.3125,25.3017
2017-Oct-31,8:00,2458057.833,57.33333333,25.3127
2017-Oct-31,8:30,2458057.854,57.35416666,25.3237
2017-Oct-31,9:00,2458057.875,57.375,25.3346
2017-Oct-31,9:30,2458057.896,57.39583333,25.3455
2017-Oct-31,10:00,2458057.917,57.41666666,25.3563
2017-Oct-31,10:30,2458057.938,57.4375,25.3671
2017-Oct-31,11:00,2458057.958,57.45833333,25.3779
2017-Oct-31,11:30,2458057.979,57.47916666,25.3886
2017-Oct-31,12:00,2458058,57.5,25.3993
2017-Oct-31,12:30,2458058.021,57.52083333,25.41
2017-Oct-31,13:00,2458058.042,57.54166666,25.4206
2017-Oct-31,13:30,2458058.063,57.5625,25.4311
2017-Oct-31,14:00,2458058.083,57.58333333,25.4417
2017-Oct-31,14:30,2458058.104,57.60416666,25.4522
2017-Oct-31,15:00,2458058.125,57.625,25.4626
2017-Oct-31,15:30,2458058.146,57.64583333,25.473
2017-Oct-31,16:00,2458058.167,57.66666666,25.4834
2017-Oct-31,16:30,2458058.188,57.6875,25.4938
2017-Oct-31,17:00,2458058.208,57.70833333,25.5041
2017-Oct-31,17:30,2458058.229,57.72916666,25.5143
2017-Oct-31,18:00,2458058.25,57.75,25.5246
2017-Oct-31,18:30,2458058.271,57.77083333,25.5348
2017-Oct-31,19:00,2458058.292,57.79166666,25.5449
2017-Oct-31,19:30,2458058.313,57.8125,25.555
2017-Oct-31,20:00,2458058.333,57.83333333,25.5651
2017-Oct-31,20:30,2458058.354,57.85416666,25.5751
2017-Oct-31,21:00,2458058.375,57.875,25.5852
2017-Oct-31,21:30,2458058.396,57.89583333,25.5951
2017-Oct-31,22:00,2458058.417,57.91666666,25.6051
2017-Oct-31,22:30,2458058.438,57.9375,25.615
2017-Oct-31,23:00,2458058.458,57.95833333,25.6248
2017-Oct-31,23:30,2458058.479,57.97916666,25.6346
2017-Nov-01,0:00,2458058.5,58,25.6444
2017-Nov-01,0:30,2458058.521,58.02083333,25.6542
2017-Nov-01,1:00,2458058.542,58.04166666,25.6639
2017-Nov-01,1:30,2458058.563,58.0625,25.6736
2017-Nov-01,2:00,2458058.583,58.08333333,25.6832
2017-Nov-01,2:30,2458058.604,58.10416666,25.6928
2017-Nov-01,3:00,2458058.625,58.125,25.7024
2017-Nov-01,3:30,2458058.646,58.14583333,25.7119
2017-Nov-01,4:00,2458058.667,58.16666666,25.7214
2017-Nov-01,4:30,2458058.688,58.1875,25.7309
2017-Nov-01,5:00,2458058.708,58.20833333,25.7403
2017-Nov-01,5:30,2458058.729,58.22916666,25.7497
2017-Nov-01,6:00,2458058.75,58.25,25.7591
2017-Nov-01,6:30,2458058.771,58.27083333,25.7684
2017-Nov-01,7:00,2458058.792,58.29166666,25.7777
2017-Nov-01,7:30,2458058.813,58.3125,25.787
2017-Nov-01,8:00,2458058.833,58.33333333,25.7962
2017-Nov-01,8:30,2458058.854,58.35416666,25.8054
2017-Nov-01,9:00,2458058.875,58.375,25.8146
2017-Nov-01,9:30,2458058.896,58.39583333,25.8237
2017-Nov-01,10:00,2458058.917,58.41666666,25.8328
2017-Nov-01,10:30,2458058.938,58.4375,25.8419
2017-Nov-01,11:00,2458058.958,58.45833333,25.8509
2017-Nov-01,11:30,2458058.979,58.47916666,25.8599
2017-Nov-01,12:00,2458059,58.5,25.8688
2017-Nov-01,12:30,2458059.021,58.52083333,25.8778
2017-Nov-01,13:00,2458059.042,58.54166666,25.8866
2017-Nov-01,13:30,2458059.063,58.5625,25.8955
2017-Nov-01,14:00,2458059.083,58.58333333,25.9043
2017-Nov-01,14:30,2458059.104,58.60416666,25.9131
2017-Nov-01,15:00,2458059.125,58.625,25.9219
2017-Nov-01,15:30,2458059.146,58.64583333,25.9306
2017-Nov-01,16:00,2458059.167,58.66666666,25.9393
2017-Nov-01,16:30,2458059.188,58.6875,25.948
2017-Nov-01,17:00,2458059.208,58.70833333,25.9566
2017-Nov-01,17:30,2458059.229,58.72916666,25.9652
2017-Nov-01,18:00,2458059.25,58.75,25.9738
2017-Nov-01,18:30,2458059.271,58.77083333,25.9823
2017-Nov-01,19:00,2458059.292,58.79166666,25.9908
2017-Nov-01,19:30,2458059.313,58.8125,25.9993
2017-Nov-01,20:00,2458059.333,58.83333333,26.0077
2017-Nov-01,20:30,2458059.354,58.85416666,26.0161
2017-Nov-01,21:00,2458059.375,58.875,26.0245
2017-Nov-01,21:30,2458059.396,58.89583333,26.0329
2017-Nov-01,22:00,2458059.417,58.91666666,26.0412
2017-Nov-01,22:30,2458059.438,58.9375,26.0495
2017-Nov-01,23:00,2458059.458,58.95833333,26.0577
2017-Nov-01,23:30,2458059.479,58.97916666,26.0659
2017-Nov-02,0:00,2458059.5,59,26.0741
2017-Nov-02,0:30,2458059.521,59.02083333,26.0823
2017-Nov-02,1:00,2458059.542,59.04166666,26.0904
2017-Nov-02,1:30,2458059.563,59.0625,26.0985
2017-Nov-02,2:00,2458059.583,59.08333333,26.1066
2017-Nov-02,2:30,2458059.604,59.10416666,26.1146
2017-Nov-02,3:00,2458059.625,59.125,26.1226
2017-Nov-02,3:30,2458059.646,59.14583333,26.1306
2017-Nov-02,4:00,2458059.667,59.16666666,26.1386
2017-Nov-02,4:30,2458059.688,59.1875,26.1465
2017-Nov-02,5:00,2458059.708,59.20833333,26.1544
2017-Nov-02,5:30,2458059.729,59.22916666,26.1622
2017-Nov-02,6:00,2458059.75,59.25,26.1701
2017-Nov-02,6:30,2458059.771,59.27083333,26.1779
2017-Nov-02,7:00,2458059.792,59.29166666,26.1856
2017-Nov-02,7:30,2458059.813,59.3125,26.1934
2017-Nov-02,8:00,2458059.833,59.33333333,26.2011
2017-Nov-02,8:30,2458059.854,59.35416666,26.2088
2017-Nov-02,9:00,2458059.875,59.375,26.2164
2017-Nov-02,9:30,2458059.896,59.39583333,26.2241
2017-Nov-02,10:00,2458059.917,59.41666666,26.2317
2017-Nov-02,10:30,2458059.938,59.4375,26.2392
2017-Nov-02,11:00,2458059.958,59.45833333,26.2468
2017-Nov-02,11:30,2458059.979,59.47916666,26.2543
2017-Nov-02,12:00,2458060,59.5,26.2618
2017-Nov-02,12:30,2458060.021,59.52083333,26.2692
2017-Nov-02,13:00,2458060.042,59.54166666,26.2766
2017-Nov-02,13:30,2458060.063,59.5625,26.284
2017-Nov-02,14:00,2458060.083,59.58333333,26.2914
2017-Nov-02,14:30,2458060.104,59.60416666,26.2987
2017-Nov-02,15:00,2458060.125,59.625,26.3061
2017-Nov-02,15:30,2458060.146,59.64583333,26.3133
2017-Nov-02,16:00,2458060.167,59.66666666,26.3206
2017-Nov-02,16:30,2458060.188,59.6875,26.3278
2017-Nov-02,17:00,2458060.208,59.70833333,26.335
2017-Nov-02,17:30,2458060.229,59.72916666,26.3422
2017-Nov-02,18:00,2458060.25,59.75,26.3493
2017-Nov-02,18:30,2458060.271,59.77083333,26.3565
2017-Nov-02,19:00,2458060.292,59.79166666,26.3636
2017-Nov-02,19:30,2458060.313,59.8125,26.3706
2017-Nov-02,20:00,2458060.333,59.83333333,26.3777
2017-Nov-02,20:30,2458060.354,59.85416666,26.3847
2017-Nov-02,21:00,2458060.375,59.875,26.3917
2017-Nov-02,21:30,2458060.396,59.89583333,26.3986
2017-Nov-02,22:00,2458060.417,59.91666666,26.4055
2017-Nov-02,22:30,2458060.438,59.9375,26.4125
2017-Nov-02,23:00,2458060.458,59.95833333,26.4193
2017-Nov-02,23:30,2458060.479,59.97916666,26.4262
2017-Nov-03,0:00,2458060.5,60,26.433
2017-Nov-03,0:30,2458060.521,60.02083333,26.4398
2017-Nov-03,1:00,2458060.542,60.04166666,26.4466
2017-Nov-03,1:30,2458060.563,60.0625,26.4533
2017-Nov-03,2:00,2458060.583,60.08333333,26.46
2017-Nov-03,2:30,2458060.604,60.10416666,26.4667
2017-Nov-03,3:00,2458060.625,60.125,26.4734
2017-Nov-03,3:30,2458060.646,60.14583333,26.48
2017-Nov-03,4:00,2458060.667,60.16666666,26.4867
2017-Nov-03,4:30,2458060.688,60.1875,26.4933
2017-Nov-03,5:00,2458060.708,60.20833333,26.4998
2017-Nov-03,5:30,2458060.729,60.22916666,26.5064
2017-Nov-03,6:00,2458060.75,60.25,26.5129
2017-Nov-03,6:30,2458060.771,60.27083333,26.5194
2017-Nov-03,7:00,2458060.792,60.29166666,26.5258
2017-Nov-03,7:30,2458060.813,60.3125,26.5323
2017-Nov-03,8:00,2458060.833,60.33333333,26.5387
2017-Nov-03,8:30,2458060.854,60.35416666,26.5451
2017-Nov-03,9:00,2458060.875,60.375,26.5514
2017-Nov-03,9:30,2458060.896,60.39583333,26.5578
2017-Nov-03,10:00,2458060.917,60.41666666,26.5641
2017-Nov-03,10:30,2458060.938,60.4375,26.5704
2017-Nov-03,11:00,2458060.958,60.45833333,26.5766
2017-Nov-03,11:30,2458060.979,60.47916666,26.5829
2017-Nov-03,12:00,2458061,60.5,26.5891
2017-Nov-03,12:30,2458061.021,60.52083333,26.5953
2017-Nov-03,13:00,2458061.042,60.54166666,26.6014
2017-Nov-03,13:30,2458061.063,60.5625,26.6076
2017-Nov-03,14:00,2458061.083,60.58333333,26.6137
2017-Nov-03,14:30,2458061.104,60.60416666,26.6198
2017-Nov-03,15:00,2458061.125,60.625,26.6259
2017-Nov-03,15:30,2458061.146,60.64583333,26.6319
2017-Nov-03,16:00,2458061.167,60.66666666,26.6379
2017-Nov-03,16:30,2458061.188,60.6875,26.6439
2017-Nov-03,17:00,2458061.208,60.70833333,26.6499
2017-Nov-03,17:30,2458061.229,60.72916666,26.6558
2017-Nov-03,18:00,2458061.25,60.75,26.6618
2017-Nov-03,18:30,2458061.271,60.77083333,26.6677
2017-Nov-03,19:00,2458061.292,60.79166666,26.6735
2017-Nov-03,19:30,2458061.313,60.8125,26.6794
2017-Nov-03,20:00,2458061.333,60.83333333,26.6852
2017-Nov-03,20:30,2458061.354,60.85416666,26.691
2017-Nov-03,21:00,2458061.375,60.875,26.6968
2017-Nov-03,21:30,2458061.396,60.89583333,26.7026
2017-Nov-03,22:00,2458061.417,60.91666666,26.7083
2017-Nov-03,22:30,2458061.438,60.9375,26.714
2017-Nov-03,23:00,2458061.458,60.95833333,26.7197
2017-Nov-03,23:30,2458061.479,60.97916666,26.7254
2017-Nov-04,0:00,2458061.5,61,26.731
2017-Nov-04,0:30,2458061.521,61.02083333,26.7367
2017-Nov-04,1:00,2458061.542,61.04166666,26.7423
2017-Nov-04,1:30,2458061.563,61.0625,26.7479
2017-Nov-04,2:00,2458061.583,61.08333333,26.7534
2017-Nov-04,2:30,2458061.604,61.10416666,26.7589
2017-Nov-04,3:00,2458061.625,61.125,26.7645
2017-Nov-04,3:30,2458061.646,61.14583333,26.7699
2017-Nov-04,4:00,2458061.667,61.16666666,26.7754
2017-Nov-04,4:30,2458061.688,61.1875,26.7809
2017-Nov-04,5:00,2458061.708,61.20833333,26.7863
2017-Nov-04,5:30,2458061.729,61.22916666,26.7917
2017-Nov-04,6:00,2458061.75,61.25,26.7971
2017-Nov-04,6:30,2458061.771,61.27083333,26.8024
2017-Nov-04,7:00,2458061.792,61.29166666,26.8077
2017-Nov-04,7:30,2458061.813,61.3125,26.8131
2017-Nov-04,8:00,2458061.833,61.33333333,26.8183
2017-Nov-04,8:30,2458061.854,61.35416666,26.8236
2017-Nov-04,9:00,2458061.875,61.375,26.8289
2017-Nov-04,9:30,2458061.896,61.39583333,26.8341
2017-Nov-04,10:00,2458061.917,61.41666666,26.8393
2017-Nov-04,10:30,2458061.938,61.4375,26.8445
2017-Nov-04,11:00,2458061.958,61.45833333,26.8496
2017-Nov-04,11:30,2458061.979,61.47916666,26.8548
2017-Nov-04,12:00,2458062,61.5,26.8599
2017-Nov-04,12:30,2458062.021,61.52083333,26.865
2017-Nov-04,13:00,2458062.042,61.54166666,26.8701
2017-Nov-04,13:30,2458062.063,61.5625,26.8751
2017-Nov-04,14:00,2458062.083,61.58333333,26.8802
2017-Nov-04,14:30,2458062.104,61.60416666,26.8852
2017-Nov-04,15:00,2458062.125,61.625,26.8902
2017-Nov-04,15:30,2458062.146,61.64583333,26.8951
2017-Nov-04,16:00,2458062.167,61.66666666,26.9001
2017-Nov-04,16:30,2458062.188,61.6875,26.905
2017-Nov-04,17:00,2458062.208,61.70833333,26.9099
2017-Nov-04,17:30,2458062.229,61.72916666,26.9148
2017-Nov-04,18:00,2458062.25,61.75,26.9197
2017-Nov-04,18:30,2458062.271,61.77083333,26.9245
2017-Nov-04,19:00,2458062.292,61.79166666,26.9294
2017-Nov-04,19:30,2458062.313,61.8125,26.9342
2017-Nov-04,20:00,2458062.333,61.83333333,26.9389
2017-Nov-04,20:30,2458062.354,61.85416666,26.9437
2017-Nov-04,21:00,2458062.375,61.875,26.9485
2017-Nov-04,21:30,2458062.396,61.89583333,26.9532
2017-Nov-04,22:00,2458062.417,61.91666666,26.9579
2017-Nov-04,22:30,2458062.438,61.9375,26.9626
2017-Nov-04,23:00,2458062.458,61.95833333,26.9672
2017-Nov-04,23:30,2458062.479,61.97916666,26.9719
2017-Nov-05,0:00,2458062.5,62,26.9765
2017-Nov-05,0:30,2458062.521,62.02083333,26.9811
2017-Nov-05,1:00,2458062.542,62.04166666,26.9857
2017-Nov-05,1:30,2458062.563,62.0625,26.9903
2017-Nov-05,2:00,2458062.583,62.08333333,26.9948
2017-Nov-05,2:30,2458062.604,62.10416666,26.9993
2017-Nov-05,3:00,2458062.625,62.125,27.0039
2017-Nov-05,3:30,2458062.646,62.14583333,27.0083
2017-Nov-05,4:00,2458062.667,62.16666666,27.0128
2017-Nov-05,4:30,2458062.688,62.1875,27.0173
2017-Nov-05,5:00,2458062.708,62.20833333,27.0217
2017-Nov-05,5:30,2458062.729,62.22916666,27.0261
2017-Nov-05,6:00,2458062.75,62.25,27.0305
2017-Nov-05,6:30,2458062.771,62.27083333,27.0349
2017-Nov-05,7:00,2458062.792,62.29166666,27.0392
2017-Nov-05,7:30,2458062.813,62.3125,27.0436
2017-Nov-05,8:00,2458062.833,62.33333333,27.0479
2017-Nov-05,8:30,2458062.854,62.35416666,27.0522
2017-Nov-05,9:00,2458062.875,62.375,27.0565
2017-Nov-05,9:30,2458062.896,62.39583333,27.0607
2017-Nov-05,10:00,2458062.917,62.41666666,27.065
2017-Nov-05,10:30,2458062.938,62.4375,27.0692
2017-Nov-05,11:00,2458062.958,62.45833333,27.0734
2017-Nov-05,11:30,2458062.979,62.47916666,27.0776
2017-Nov-05,12:00,2458063,62.5,27.0817
2017-Nov-05,12:30,2458063.021,62.52083333,27.0859
2017-Nov-05,13:00,2458063.042,62.54166666,27.09
2017-Nov-05,13:30,2458063.063,62.5625,27.0941
2017-Nov-05,14:00,2458063.083,62.58333333,27.0982
2017-Nov-05,14:30,2458063.104,62.60416666,27.1023
2017-Nov-05,15:00,2458063.125,62.625,27.1063
2017-Nov-05,15:30,2458063.146,62.64583333,27.1104
2017-Nov-05,16:00,2458063.167,62.66666666,27.1144
2017-Nov-05,16:30,2458063.188,62.6875,27.1184
2017-Nov-05,17:00,2458063.208,62.70833333,27.1224
2017-Nov-05,17:30,2458063.229,62.72916666,27.1263
2017-Nov-05,18:00,2458063.25,62.75,27.1303
2017-Nov-05,18:30,2458063.271,62.77083333,27.1342
2017-Nov-05,19:00,2458063.292,62.79166666,27.1381
2017-Nov-05,19:30,2458063.313,62.8125,27.142
2017-Nov-05,20:00,2458063.333,62.83333333,27.1459
2017-Nov-05,20:30,2458063.354,62.85416666,27.1498
2017-Nov-05,21:00,2458063.375,62.875,27.1536
2017-Nov-05,21:30,2458063.396,62.89583333,27.1574
2017-Nov-05,22:00,2458063.417,62.91666666,27.1612
2017-Nov-05,22:30,2458063.438,62.9375,27.165
2017-Nov-05,23:00,2458063.458,62.95833333,27.1688
2017-Nov-05,23:30,2458063.479,62.97916666,27.1726
2017-Nov-06,0:00,2458063.5,63,27.1763
2017-Nov-06,0:30,2458063.521,63.02083333,27.18
2017-Nov-06,1:00,2458063.542,63.04166666,27.1837
2017-Nov-06,1:30,2458063.563,63.0625,27.1874
2017-Nov-06,2:00,2458063.583,63.08333333,27.1911
2017-Nov-06,2:30,2458063.604,63.10416666,27.1947
2017-Nov-06,3:00,2458063.625,63.125,27.1983
2017-Nov-06,3:30,2458063.646,63.14583333,27.202
2017-Nov-06,4:00,2458063.667,63.16666666,27.2056
2017-Nov-06,4:30,2458063.688,63.1875,27.2091
2017-Nov-06,5:00,2458063.708,63.20833333,27.2127
2017-Nov-06,5:30,2458063.729,63.22916666,27.2163
2017-Nov-06,6:00,2458063.75,63.25,27.2198
2017-Nov-06,6:30,2458063.771,63.27083333,27.2233
2017-Nov-06,7:00,2458063.792,63.29166666,27.2268
2017-Nov-06,7:30,2458063.813,63.3125,27.2303
2017-Nov-06,8:00,2458063.833,63.33333333,27.2338
2017-Nov-06,8:30,2458063.854,63.35416666,27.2372
2017-Nov-06,9:00,2458063.875,63.375,27.2406
2017-Nov-06,9:30,2458063.896,63.39583333,27.2441
2017-Nov-06,10:00,2458063.917,63.41666666,27.2475
2017-Nov-06,10:30,2458063.938,63.4375,27.2508
2017-Nov-06,11:00,2458063.958,63.45833333,27.2542
2017-Nov-06,11:30,2458063.979,63.47916666,27.2576
2017-Nov-06,12:00,2458064,63.5,27.2609
2017-Nov-06,12:30,2458064.021,63.52083333,27.2642
2017-Nov-06,13:00,2458064.042,63.54166666,27.2675
2017-Nov-06,13:30,2458064.063,63.5625,27.2708
2017-Nov-06,14:00,2458064.083,63.58333333,27.2741
2017-Nov-06,14:30,2458064.104,63.60416666,27.2773
2017-Nov-06,15:00,2458064.125,63.625,27.2806
2017-Nov-06,15:30,2458064.146,63.64583333,27.2838
2017-Nov-06,16:00,2458064.167,63.66666666,27.287
2017-Nov-06,16:30,2458064.188,63.6875,27.2902
2017-Nov-06,17:00,2458064.208,63.70833333,27.2933
2017-Nov-06,17:30,2458064.229,63.72916666,27.2965
2017-Nov-06,18:00,2458064.25,63.75,27.2996
2017-Nov-06,18:30,2458064.271,63.77083333,27.3028
2017-Nov-06,19:00,2458064.292,63.79166666,27.3059
2017-Nov-06,19:30,2458064.313,63.8125,27.309
2017-Nov-06,20:00,2458064.333,63.83333333,27.3121
2017-Nov-06,20:30,2458064.354,63.85416666,27.3151
2017-Nov-06,21:00,2458064.375,63.875,27.3182
2017-Nov-06,21:30,2458064.396,63.89583333,27.3212
2017-Nov-06,22:00,2458064.417,63.91666666,27.3242
2017-Nov-06,22:30,2458064.438,63.9375,27.3272
2017-Nov-06,23:00,2458064.458,63.95833333,27.3302
2017-Nov-06,23:30,2458064.479,63.97916666,27.3332
2017-Nov-07,0:00,2458064.5,64,27.3361
2017-Nov-07,0:30,2458064.521,64.02083333,27.3391
2017-Nov-07,1:00,2458064.542,64.04166666,27.342
2017-Nov-07,1:30,2458064.563,64.0625,27.3449
2017-Nov-07,2:00,2458064.583,64.08333333,27.3478
2017-Nov-07,2:30,2458064.604,64.10416666,27.3507
2017-Nov-07,3:00,2458064.625,64.125,27.3536
2017-Nov-07,3:30,2458064.646,64.14583333,27.3564
2017-Nov-07,4:00,2458064.667,64.16666666,27.3593
2017-Nov-07,4:30,2458064.688,64.1875,27.3621
2017-Nov-07,5:00,2458064.708,64.20833333,27.3649
2017-Nov-07,5:30,2458064.729,64.22916666,27.3677
2017-Nov-07,6:00,2458064.75,64.25,27.3705
2017-Nov-07,6:30,2458064.771,64.27083333,27.3732
2017-Nov-07,7:00,2458064.792,64.29166666,27.376
2017-Nov-07,7:30,2458064.813,64.3125,27.3787
2017-Nov-07,8:00,2458064.833,64.33333333,27.3814
2017-Nov-07,8:30,2458064.854,64.35416666,27.3841
2017-Nov-07,9:00,2458064.875,64.375,27.3868
2017-Nov-07,9:30,2458064.896,64.39583333,27.3895
2017-Nov-07,10:00,2458064.917,64.41666666,27.3922
2017-Nov-07,10:30,2458064.938,64.4375,27.3948
2017-Nov-07,11:00,2458064.958,64.45833333,27.3974
2017-Nov-07,11:30,2458064.979,64.47916666,27.4
2017-Nov-07,12:00,2458065,64.5,27.4027
2017-Nov-07,12:30,2458065.021,64.52083333,27.4052
2017-Nov-07,13:00,2458065.042,64.54166666,27.4078
2017-Nov-07,13:30,2458065.063,64.5625,27.4104
2017-Nov-07,14:00,2458065.083,64.58333333,27.4129
2017-Nov-07,14:30,2458065.104,64.60416666,27.4155
2017-Nov-07,15:00,2458065.125,64.625,27.418
2017-Nov-07,15:30,2458065.146,64.64583333,27.4205
2017-Nov-07,16:00,2458065.167,64.66666666,27.423
2017-Nov-07,16:30,2458065.188,64.6875,27.4254
2017-Nov-07,17:00,2458065.208,64.70833333,27.4279
2017-Nov-07,17:30,2458065.229,64.72916666,27.4304
2017-Nov-07,18:00,2458065.25,64.75,27.4328
2017-Nov-07,18:30,2458065.271,64.77083333,27.4352
2017-Nov-07,19:00,2458065.292,64.79166666,27.4376
2017-Nov-07,19:30,2458065.313,64.8125,27.44
2017-Nov-07,20:00,2458065.333,64.83333333,27.4424
2017-Nov-07,20:30,2458065.354,64.85416666,27.4448
2017-Nov-07,21:00,2458065.375,64.875,27.4471
2017-Nov-07,21:30,2458065.396,64.89583333,27.4494
2017-Nov-07,22:00,2458065.417,64.91666666,27.4518
2017-Nov-07,22:30,2458065.438,64.9375,27.4541
2017-Nov-07,23:00,2458065.458,64.95833333,27.4564
2017-Nov-07,23:30,2458065.479,64.97916666,27.4587
2017-Nov-08,0:00,2458065.5,65,27.4609
2017-Nov-08,0:30,2458065.521,65.02083333,27.4632
2017-Nov-08,1:00,2458065.542,65.04166666,27.4654
2017-Nov-08,1:30,2458065.563,65.0625,27.4677
2017-Nov-08,2:00,2458065.583,65.08333333,27.4699
2017-Nov-08,2:30,2458065.604,65.10416666,27.4721
2017-Nov-08,3:00,2458065.625,65.125,27.4743
2017-Nov-08,3:30,2458065.646,65.14583333,27.4765
2017-Nov-08,4:00,2458065.667,65.16666666,27.4786
2017-Nov-08,4:30,2458065.688,65.1875,27.4808
2017-Nov-08,5:00,2458065.708,65.20833333,27.4829
2017-Nov-08,5:30,2458065.729,65.22916666,27.485
2017-Nov-08,6:00,2458065.75,65.25,27.4872
2017-Nov-08,6:30,2458065.771,65.27083333,27.4893
2017-Nov-08,7:00,2458065.792,65.29166666,27.4913
2017-Nov-08,7:30,2458065.813,65.3125,27.4934
2017-Nov-08,8:00,2458065.833,65.33333333,27.4955
2017-Nov-08,8:30,2458065.854,65.35416666,27.4975
2017-Nov-08,9:00,2458065.875,65.375,27.4996
2017-Nov-08,9:30,2458065.896,65.39583333,27.5016
2017-Nov-08,10:00,2458065.917,65.41666666,27.5036
2017-Nov-08,10:30,2458065.938,65.4375,27.5056
2017-Nov-08,11:00,2458065.958,65.45833333,27.5076
2017-Nov-08,11:30,2458065.979,65.47916666,27.5095
2017-Nov-08,12:00,2458066,65.5,27.5115
2017-Nov-08,12:30,2458066.021,65.52083333,27.5134
2017-Nov-08,13:00,2458066.042,65.54166666,27.5154
2017-Nov-08,13:30,2458066.063,65.5625,27.5173
2017-Nov-08,14:00,2458066.083,65.58333333,27.5192
2017-Nov-08,14:30,2458066.104,65.60416666,27.5211
2017-Nov-08,15:00,2458066.125,65.625,27.523
2017-Nov-08,15:30,2458066.146,65.64583333,27.5249
2017-Nov-08,16:00,2458066.167,65.66666666,27.5267
2017-Nov-08,16:30,2458066.188,65.6875,27.5286
2017-Nov-08,17:00,2458066.208,65.70833333,27.5304
2017-Nov-08,17:30,2458066.229,65.72916666,27.5322
2017-Nov-08,18:00,2458066.25,65.75,27.534
2017-Nov-08,18:30,2458066.271,65.77083333,27.5358
2017-Nov-08,19:00,2458066.292,65.79166666,27.5376
2017-Nov-08,19:30,2458066.313,65.8125,27.5394
2017-Nov-08,20:00,2458066.333,65.83333333,27.5411
2017-Nov-08,20:30,2458066.354,65.85416666,27.5429
2017-Nov-08,21:00,2458066.375,65.875,27.5446
2017-Nov-08,21:30,2458066.396,65.89583333,27.5463
2017-Nov-08,22:00,2458066.417,65.91666666,27.5481
2017-Nov-08,22:30,2458066.438,65.9375,27.5498
2017-Nov-08,23:00,2458066.458,65.95833333,27.5514
2017-Nov-08,23:30,2458066.479,65.97916666,27.5531
2017-Nov-09,0:00,2458066.5,66,27.5548
2017-Nov-09,0:30,2458066.521,66.02083333,27.5564
2017-Nov-09,1:00,2458066.542,66.04166666,27.5581
2017-Nov-09,1:30,2458066.563,66.0625,27.5597
2017-Nov-09,2:00,2458066.583,66.08333333,27.5613
2017-Nov-09,2:30,2458066.604,66.10416666,27.5629
2017-Nov-09,3:00,2458066.625,66.125,27.5645
2017-Nov-09,3:30,2458066.646,66.14583333,27.5661
2017-Nov-09,4:00,2458066.667,66.16666666,27.5677
2017-Nov-09,4:30,2458066.688,66.1875,27.5692
2017-Nov-09,5:00,2458066.708,66.20833333,27.5708
2017-Nov-09,5:30,2458066.729,66.22916666,27.5723
2017-Nov-09,6:00,2458066.75,66.25,27.5738
2017-Nov-09,6:30,2458066.771,66.27083333,27.5753
2017-Nov-09,7:00,2458066.792,66.29166666,27.5768
2017-Nov-09,7:30,2458066.813,66.3125,27.5783
2017-Nov-09,8:00,2458066.833,66.33333333,27.5798
2017-Nov-09,8:30,2458066.854,66.35416666,27.5813
2017-Nov-09,9:00,2458066.875,66.375,27.5827
2017-Nov-09,9:30,2458066.896,66.39583333,27.5842
2017-Nov-09,10:00,2458066.917,66.41666666,27.5856
2017-Nov-09,10:30,2458066.938,66.4375,27.587
2017-Nov-09,11:00,2458066.958,66.45833333,27.5884
2017-Nov-09,11:30,2458066.979,66.47916666,27.5898
2017-Nov-09,12:00,2458067,66.5,27.5912
2017-Nov-09,12:30,2458067.021,66.52083333,27.5926
2017-Nov-09,13:00,2458067.042,66.54166666,27.594
2017-Nov-09,13:30,2458067.063,66.5625,27.5953
2017-Nov-09,14:00,2458067.083,66.58333333,27.5967
2017-Nov-09,14:30,2458067.104,66.60416666,27.598
2017-Nov-09,15:00,2458067.125,66.625,27.5993
2017-Nov-09,15:30,2458067.146,66.64583333,27.6006
2017-Nov-09,16:00,2458067.167,66.66666666,27.6019
2017-Nov-09,16:30,2458067.188,66.6875,27.6032
2017-Nov-09,17:00,2458067.208,66.70833333,27.6045
2017-Nov-09,17:30,2458067.229,66.72916666,27.6057
2017-Nov-09,18:00,2458067.25,66.75,27.607
2017-Nov-09,18:30,2458067.271,66.77083333,27.6082
2017-Nov-09,19:00,2458067.292,66.79166666,27.6095
2017-Nov-09,19:30,2458067.313,66.8125,27.6107
2017-Nov-09,20:00,2458067.333,66.83333333,27.6119
2017-Nov-09,20:30,2458067.354,66.85416666,27.6131
2017-Nov-09,21:00,2458067.375,66.875,27.6143
2017-Nov-09,21:30,2458067.396,66.89583333,27.6155
2017-Nov-09,22:00,2458067.417,66.91666666,27.6166
2017-Nov-09,22:30,2458067.438,66.9375,27.6178
2017-Nov-09,23:00,2458067.458,66.95833333,27.6189
2017-Nov-09,23:30,2458067.479,66.97916666,27.6201
2017-Nov-10,0:00,2458067.5,67,27.6212
2017-Nov-10,0:30,2458067.521,67.02083333,27.6223
2017-Nov-10,1:00,2458067.542,67.04166666,27.6234
2017-Nov-10,1:30,2458067.563,67.0625,27.6245
2017-Nov-10,2:00,2458067.583,67.08333333,27.6256
2017-Nov-10,2:30,2458067.604,67.10416666,27.6267
2017-Nov-10,3:00,2458067.625,67.125,27.6277
2017-Nov-10,3:30,2458067.646,67.14583333,27.6288
2017-Nov-10,4:00,2458067.667,67.16666666,27.6298
2017-Nov-10,4:30,2458067.688,67.1875,27.6309
2017-Nov-10,5:00,2458067.708,67.20833333,27.6319
2017-Nov-10,5:30,2458067.729,67.22916666,27.6329
2017-Nov-10,6:00,2458067.75,67.25,27.6339
2017-Nov-10,6:30,2458067.771,67.27083333,27.6349
2017-Nov-10,7:00,2458067.792,67.29166666,27.6359
2017-Nov-10,7:30,2458067.813,67.3125,27.6368
2017-Nov-10,8:00,2458067.833,67.33333333,27.6378
2017-Nov-10,8:30,2458067.854,67.35416666,27.6387
2017-Nov-10,9:00,2458067.875,67.375,27.6397
2017-Nov-10,9:30,2458067.896,67.39583333,27.6406
2017-Nov-10,10:00,2458067.917,67.41666666,27.6415
2017-Nov-10,10:30,2458067.938,67.4375,27.6424
2017-Nov-10,11:00,2458067.958,67.45833333,27.6433
2017-Nov-10,11:30,2458067.979,67.47916666,27.6442
2017-Nov-10,12:00,2458068,67.5,27.6451
2017-Nov-10,12:30,2458068.021,67.52083333,27.646
2017-Nov-10,13:00,2458068.042,67.54166666,27.6468
2017-Nov-10,13:30,2458068.063,67.5625,27.6477
2017-Nov-10,14:00,2458068.083,67.58333333,27.6485
2017-Nov-10,14:30,2458068.104,67.60416666,27.6493
2017-Nov-10,15:00,2458068.125,67.625,27.6501
2017-Nov-10,15:30,2458068.146,67.64583333,27.6509
2017-Nov-10,16:00,2458068.167,67.66666666,27.6517
2017-Nov-10,16:30,2458068.188,67.6875,27.6525
2017-Nov-10,17:00,2458068.208,67.70833333,27.6533
2017-Nov-10,17:30,2458068.229,67.72916666,27.6541
2017-Nov-10,18:00,2458068.25,67.75,27.6548
2017-Nov-10,18:30,2458068.271,67.77083333,27.6556
2017-Nov-10,19:00,2458068.292,67.79166666,27.6563
2017-Nov-10,19:30,2458068.313,67.8125,27.6571
2017-Nov-10,20:00,2458068.333,67.83333333,27.6578
2017-Nov-10,20:30,2458068.354,67.85416666,27.6585
2017-Nov-10,21:00,2458068.375,67.875,27.6592
2017-Nov-10,21:30,2458068.396,67.89583333,27.6599
2017-Nov-10,22:00,2458068.417,67.91666666,27.6606
2017-Nov-10,22:30,2458068.438,67.9375,27.6612
2017-Nov-10,23:00,2458068.458,67.95833333,27.6619
2017-Nov-10,23:30,2458068.479,67.97916666,27.6626
2017-Nov-11,0:00,2458068.5,68,27.6632
2017-Nov-11,0:30,2458068.521,68.02083333,27.6638
2017-Nov-11,1:00,2458068.542,68.04166666,27.6645
2017-Nov-11,1:30,2458068.563,68.0625,27.6651
2017-Nov-11,2:00,2458068.583,68.08333333,27.6657
2017-Nov-11,2:30,2458068.604,68.10416666,27.6663
2017-Nov-11,3:00,2458068.625,68.125,27.6669
2017-Nov-11,3:30,2458068.646,68.14583333,27.6674
2017-Nov-11,4:00,2458068.667,68.16666666,27.668
2017-Nov-11,4:30,2458068.688,68.1875,27.6686
2017-Nov-11,5:00,2458068.708,68.20833333,27.6691
2017-Nov-11,5:30,2458068.729,68.22916666,27.6697
2017-Nov-11,6:00,2458068.75,68.25,27.6702
2017-Nov-11,6:30,2458068.771,68.27083333,27.6707
2017-Nov-11,7:00,2458068.792,68.29166666,27.6712
2017-Nov-11,7:30,2458068.813,68.3125,27.6717
2017-Nov-11,8:00,2458068.833,68.33333333,27.6722
2017-Nov-11,8:30,2458068.854,68.35416666,27.6727
2017-Nov-11,9:00,2458068.875,68.375,27.6732
2017-Nov-11,9:30,2458068.896,68.39583333,27.6737
2017-Nov-11,10:00,2458068.917,68.41666666,27.6741
2017-Nov-11,10:30,2458068.938,68.4375,27.6746
2017-Nov-11,11:00,2458068.958,68.45833333,27.675
2017-Nov-11,11:30,2458068.979,68.47916666,27.6754
2017-Nov-11,12:00,2458069,68.5,27.6759
2017-Nov-11,12:30,2458069.021,68.52083333,27.6763
2017-Nov-11,13:00,2458069.042,68.54166666,27.6767
2017-Nov-11,13:30,2458069.063,68.5625,27.6771
2017-Nov-11,14:00,2458069.083,68.58333333,27.6775
2017-Nov-11,14:30,2458069.104,68.60416666,27.6778
2017-Nov-11,15:00,2458069.125,68.625,27.6782
2017-Nov-11,15:30,2458069.146,68.64583333,27.6786
2017-Nov-11,16:00,2458069.167,68.66666666,27.6789
2017-Nov-11,16:30,2458069.188,68.6875,27.6793
2017-Nov-11,17:00,2458069.208,68.70833333,27.6796
2017-Nov-11,17:30,2458069.229,68.72916666,27.6799
2017-Nov-11,18:00,2458069.25,68.75,27.6802
2017-Nov-11,18:30,2458069.271,68.77083333,27.6805
2017-Nov-11,19:00,2458069.292,68.79166666,27.6808
2017-Nov-11,19:30,2458069.313,68.8125,27.6811
2017-Nov-11,20:00,2458069.333,68.83333333,27.6814
2017-Nov-11,20:30,2458069.354,68.85416666,27.6817
2017-Nov-11,21:00,2458069.375,68.875,27.682
2017-Nov-11,21:30,2458069.396,68.89583333,27.6822
2017-Nov-11,22:00,2458069.417,68.91666666,27.6825
2017-Nov-11,22:30,2458069.438,68.9375,27.6827
2017-Nov-11,23:00,2458069.458,68.95833333,27.6829
2017-Nov-11,23:30,2458069.479,68.97916666,27.6831
2017-Nov-12,0:00,2458069.5,69,27.6834
2017-Nov-12,0:30,2458069.521,69.02083333,27.6836
2017-Nov-12,1:00,2458069.542,69.04166666,27.6838
2017-Nov-12,1:30,2458069.563,69.0625,27.6839
2017-Nov-12,2:00,2458069.583,69.08333333,27.6841
2017-Nov-12,2:30,2458069.604,69.10416666,27.6843
2017-Nov-12,3:00,2458069.625,69.125,27.6845
2017-Nov-12,3:30,2458069.646,69.14583333,27.6846
2017-Nov-12,4:00,2458069.667,69.16666666,27.6848
2017-Nov-12,4:30,2458069.688,69.1875,27.6849
2017-Nov-12,5:00,2458069.708,69.20833333,27.685
2017-Nov-12,5:30,2458069.729,69.22916666,27.6851
2017-Nov-12,6:00,2458069.75,69.25,27.6853
2017-Nov-12,6:30,2458069.771,69.27083333,27.6854
2017-Nov-12,7:00,2458069.792,69.29166666,27.6855
2017-Nov-12,7:30,2458069.813,69.3125,27.6855
2017-Nov-12,8:00,2458069.833,69.33333333,27.6856
2017-Nov-12,8:30,2458069.854,69.35416666,27.6857
2017-Nov-12,9:00,2458069.875,69.375,27.6858
2017-Nov-12,9:30,2458069.896,69.39583333,27.6858
2017-Nov-12,10:00,2458069.917,69.41666666,27.6859
2017-Nov-12,10:30,2458069.938,69.4375,27.6859
2017-Nov-12,11:00,2458069.958,69.45833333,27.6859
2017-Nov-12,11:30,2458069.979,69.47916666,27.686
2017-Nov-12,12:00,2458070,69.5,27.686
2017-Nov-12,12:30,2458070.021,69.52083333,27.686
2017-Nov-12,13:00,2458070.042,69.54166666,27.686
2017-Nov-12,13:30,2458070.063,69.5625,27.686
2017-Nov-12,14:00,2458070.083,69.58333333,27.6859
2017-Nov-12,14:30,2458070.104,69.60416666,27.6859
2017-Nov-12,15:00,2458070.125,69.625,27.6859
2017-Nov-12,15:30,2458070.146,69.64583333,27.6858
2017-Nov-12,16:00,2458070.167,69.66666666,27.6858
2017-Nov-12,16:30,2458070.188,69.6875,27.6857
2017-Nov-12,17:00,2458070.208,69.70833333,27.6857
2017-Nov-12,17:30,2458070.229,69.72916666,27.6856
2017-Nov-12,18:00,2458070.25,69.75,27.6855
2017-Nov-12,18:30,2458070.271,69.77083333,27.6854
2017-Nov-12,19:00,2458070.292,69.79166666,27.6853
2017-Nov-12,19:30,2458070.313,69.8125,27.6852
2017-Nov-12,20:00,2458070.333,69.83333333,27.6851
2017-Nov-12,20:30,2458070.354,69.85416666,27.685
2017-Nov-12,21:00,2458070.375,69.875,27.6849
2017-Nov-12,21:30,2458070.396,69.89583333,27.6847
2017-Nov-12,22:00,2458070.417,69.91666666,27.6846
2017-Nov-12,22:30,2458070.438,69.9375,27.6844
2017-Nov-12,23:00,2458070.458,69.95833333,27.6843
2017-Nov-12,23:30,2458070.479,69.97916666,27.6841
2017-Nov-13,0:00,2458070.5,70,27.6839
2017-Nov-13,0:30,2458070.521,70.02083333,27.6838
2017-Nov-13,1:00,2458070.542,70.04166666,27.6836
2017-Nov-13,1:30,2458070.563,70.0625,27.6834
2017-Nov-13,2:00,2458070.583,70.08333333,27.6832
2017-Nov-13,2:30,2458070.604,70.10416666,27.683
2017-Nov-13,3:00,2458070.625,70.125,27.6827
2017-Nov-13,3:30,2458070.646,70.14583333,27.6825
2017-Nov-13,4:00,2458070.667,70.16666666,27.6823
2017-Nov-13,4:30,2458070.688,70.1875,27.682
2017-Nov-13,5:00,2458070.708,70.20833333,27.6818
2017-Nov-13,5:30,2458070.729,70.22916666,27.6815
2017-Nov-13,6:00,2458070.75,70.25,27.6813
2017-Nov-13,6:30,2458070.771,70.27083333,27.681
2017-Nov-13,7:00,2458070.792,70.29166666,27.6807
2017-Nov-13,7:30,2458070.813,70.3125,27.6804
2017-Nov-13,8:00,2458070.833,70.33333333,27.6801
2017-Nov-13,8:30,2458070.854,70.35416666,27.6798
2017-Nov-13,9:00,2458070.875,70.375,27.6795
2017-Nov-13,9:30,2458070.896,70.39583333,27.6792
2017-Nov-13,10:00,2458070.917,70.41666666,27.6789
2017-Nov-13,10:30,2458070.938,70.4375,27.6785
2017-Nov-13,11:00,2458070.958,70.45833333,27.6782
2017-Nov-13,11:30,2458070.979,70.47916666,27.6779
2017-Nov-13,12:00,2458071,70.5,27.6775
2017-Nov-13,12:30,2458071.021,70.52083333,27.6771
2017-Nov-13,13:00,2458071.042,70.54166666,27.6768
2017-Nov-13,13:30,2458071.063,70.5625,27.6764
2017-Nov-13,14:00,2458071.083,70.58333333,27.676
2017-Nov-13,14:30,2458071.104,70.60416666,27.6756
2017-Nov-13,15:00,2458071.125,70.625,27.6752
2017-Nov-13,15:30,2458071.146,70.64583333,27.6748
2017-Nov-13,16:00,2458071.167,70.66666666,27.6744
2017-Nov-13,16:30,2458071.188,70.6875,27.674
2017-Nov-13,17:00,2458071.208,70.70833333,27.6736
2017-Nov-13,17:30,2458071.229,70.72916666,27.6731
2017-Nov-13,18:00,2458071.25,70.75,27.6727
2017-Nov-13,18:30,2458071.271,70.77083333,27.6723
2017-Nov-13,19:00,2458071.292,70.79166666,27.6718
2017-Nov-13,19:30,2458071.313,70.8125,27.6713
2017-Nov-13,20:00,2458071.333,70.83333333,27.6709
2017-Nov-13,20:30,2458071.354,70.85416666,27.6704
2017-Nov-13,21:00,2458071.375,70.875,27.6699
2017-Nov-13,21:30,2458071.396,70.89583333,27.6694
2017-Nov-13,22:00,2458071.417,70.91666666,27.6689
2017-Nov-13,22:30,2458071.438,70.9375,27.6684
2017-Nov-13,23:00,2458071.458,70.95833333,27.6679
2017-Nov-13,23:30,2458071.479,70.97916666,27.6674
2017-Nov-14,0:00,2458071.5,71,27.6669
2017-Nov-14,0:30,2458071.521,71.02083333,27.6663
2017-Nov-14,1:00,2458071.542,71.04166666,27.6658
2017-Nov-14,1:30,2458071.563,71.0625,27.6653
2017-Nov-14,2:00,2458071.583,71.08333333,27.6647
2017-Nov-14,2:30,2458071.604,71.10416666,27.6642
2017-Nov-14,3:00,2458071.625,71.125,27.6636
2017-Nov-14,3:30,2458071.646,71.14583333,27.663
2017-Nov-14,4:00,2458071.667,71.16666666,27.6624
2017-Nov-14,4:30,2458071.688,71.1875,27.6619
2017-Nov-14,5:00,2458071.708,71.20833333,27.6613
2017-Nov-14,5:30,2458071.729,71.22916666,27.6607
2017-Nov-14,6:00,2458071.75,71.25,27.6601
2017-Nov-14,6:30,2458071.771,71.27083333,27.6595
2017-Nov-14,7:00,2458071.792,71.29166666,27.6588
2017-Nov-14,7:30,2458071.813,71.3125,27.6582
2017-Nov-14,8:00,2458071.833,71.33333333,27.6576
2017-Nov-14,8:30,2458071.854,71.35416666,27.6569
2017-Nov-14,9:00,2458071.875,71.375,27.6563
2017-Nov-14,9:30,2458071.896,71.39583333,27.6556
2017-Nov-14,10:00,2458071.917,71.41666666,27.655
2017-Nov-14,10:30,2458071.938,71.4375,27.6543
2017-Nov-14,11:00,2458071.958,71.45833333,27.6536
2017-Nov-14,11:30,2458071.979,71.47916666,27.653
2017-Nov-14,12:00,2458072,71.5,27.6523
2017-Nov-14,12:30,2458072.021,71.52083333,27.6516
2017-Nov-14,13:00,2458072.042,71.54166666,27.6509
2017-Nov-14,13:30,2458072.063,71.5625,27.6502
2017-Nov-14,14:00,2458072.083,71.58333333,27.6495
2017-Nov-14,14:30,2458072.104,71.60416666,27.6488
2017-Nov-14,15:00,2458072.125,71.625,27.648
2017-Nov-14,15:30,2458072.146,71.64583333,27.6473
2017-Nov-14,16:00,2458072.167,71.66666666,27.6466
2017-Nov-14,16:30,2458072.188,71.6875,27.6458
2017-Nov-14,17:00,2458072.208,71.70833333,27.6451
2017-Nov-14,17:30,2458072.229,71.72916666,27.6443
2017-Nov-14,18:00,2458072.25,71.75,27.6435
2017-Nov-14,18:30,2458072.271,71.77083333,27.6428
2017-Nov-14,19:00,2458072.292,71.79166666,27.642
2017-Nov-14,19:30,2458072.313,71.8125,27.6412
2017-Nov-14,20:00,2458072.333,71.83333333,27.6404
2017-Nov-14,20:30,2458072.354,71.85416666,27.6396
2017-Nov-14,21:00,2458072.375,71.875,27.6388
2017-Nov-14,21:30,2458072.396,71.89583333,27.638
2017-Nov-14,22:00,2458072.417,71.91666666,27.6372
2017-Nov-14,22:30,2458072.438,71.9375,27.6364
2017-Nov-14,23:00,2458072.458,71.95833333,27.6356
2017-Nov-14,23:30,2458072.479,71.97916666,27.6347
2017-Nov-15,0:00,2458072.5,72,27.6339
2017-Nov-15,0:30,2458072.521,72.02083333,27.6331
2017-Nov-15,1:00,2458072.542,72.04166666,27.6322
2017-Nov-15,1:30,2458072.563,72.0625,27.6313
2017-Nov-15,2:00,2458072.583,72.08333333,27.6305
2017-Nov-15,2:30,2458072.604,72.10416666,27.6296
2017-Nov-15,3:00,2458072.625,72.125,27.6287
2017-Nov-15,3:30,2458072.646,72.14583333,27.6278
2017-Nov-15,4:00,2458072.667,72.16666666,27.627
2017-Nov-15,4:30,2458072.688,72.1875,27.6261
2017-Nov-15,5:00,2458072.708,72.20833333,27.6252
2017-Nov-15,5:30,2458072.729,72.22916666,27.6243
2017-Nov-15,6:00,2458072.75,72.25,27.6233
2017-Nov-15,6:30,2458072.771,72.27083333,27.6224
2017-Nov-15,7:00,2458072.792,72.29166666,27.6215
2017-Nov-15,7:30,2458072.813,72.3125,27.6206
2017-Nov-15,8:00,2458072.833,72.33333333,27.6196
2017-Nov-15,8:30,2458072.854,72.35416666,27.6187
2017-Nov-15,9:00,2458072.875,72.375,27.6177
2017-Nov-15,9:30,2458072.896,72.39583333,27.6168
2017-Nov-15,10:00,2458072.917,72.41666666,27.6158
2017-Nov-15,10:30,2458072.938,72.4375,27.6149
2017-Nov-15,11:00,2458072.958,72.45833333,27.6139
2017-Nov-15,11:30,2458072.979,72.47916666,27.6129
2017-Nov-15,12:00,2458073,72.5,27.6119
2017-Nov-15,12:30,2458073.021,72.52083333,27.6109
2017-Nov-15,13:00,2458073.042,72.54166666,27.6099
2017-Nov-15,13:30,2458073.063,72.5625,27.6089
2017-Nov-15,14:00,2458073.083,72.58333333,27.6079
2017-Nov-15,14:30,2458073.104,72.60416666,27.6069
2017-Nov-15,15:00,2458073.125,72.625,27.6059
2017-Nov-15,15:30,2458073.146,72.64583333,27.6048
2017-Nov-15,16:00,2458073.167,72.66666666,27.6038
2017-Nov-15,16:30,2458073.188,72.6875,27.6028
2017-Nov-15,17:00,2458073.208,72.70833333,27.6017
2017-Nov-15,17:30,2458073.229,72.72916666,27.6007
2017-Nov-15,18:00,2458073.25,72.75,27.5996
2017-Nov-15,18:30,2458073.271,72.77083333,27.5986
2017-Nov-15,19:00,2458073.292,72.79166666,27.5975
2017-Nov-15,19:30,2458073.313,72.8125,27.5964
2017-Nov-15,20:00,2458073.333,72.83333333,27.5953
2017-Nov-15,20:30,2458073.354,72.85416666,27.5943
2017-Nov-15,21:00,2458073.375,72.875,27.5932
2017-Nov-15,21:30,2458073.396,72.89583333,27.5921
2017-Nov-15,22:00,2458073.417,72.91666666,27.591
2017-Nov-15,22:30,2458073.438,72.9375,27.5899
2017-Nov-15,23:00,2458073.458,72.95833333,27.5887
2017-Nov-15,23:30,2458073.479,72.97916666,27.5876
2017-Nov-16,0:00,2458073.5,73,27.5865
2017-Nov-16,0:30,2458073.521,73.02083333,27.5854
2017-Nov-16,1:00,2458073.542,73.04166666,27.5842
2017-Nov-16,1:30,2458073.563,73.0625,27.5831
2017-Nov-16,2:00,2458073.583,73.08333333,27.5819
2017-Nov-16,2:30,2458073.604,73.10416666,27.5808
2017-Nov-16,3:00,2458073.625,73.125,27.5796
2017-Nov-16,3:30,2458073.646,73.14583333,27.5785
2017-Nov-16,4:00,2458073.667,73.16666666,27.5773
2017-Nov-16,4:30,2458073.688,73.1875,27.5761
2017-Nov-16,5:00,2458073.708,73.20833333,27.5749
2017-Nov-16,5:30,2458073.729,73.22916666,27.5737
2017-Nov-16,6:00,2458073.75,73.25,27.5725
2017-Nov-16,6:30,2458073.771,73.27083333,27.5713
2017-Nov-16,7:00,2458073.792,73.29166666,27.5701
2017-Nov-16,7:30,2458073.813,73.3125,27.5689
2017-Nov-16,8:00,2458073.833,73.33333333,27.5677
2017-Nov-16,8:30,2458073.854,73.35416666,27.5665
2017-Nov-16,9:00,2458073.875,73.375,27.5653
2017-Nov-16,9:30,2458073.896,73.39583333,27.564
2017-Nov-16,10:00,2458073.917,73.41666666,27.5628
2017-Nov-16,10:30,2458073.938,73.4375,27.5616
2017-Nov-16,11:00,2458073.958,73.45833333,27.5603
2017-Nov-16,11:30,2458073.979,73.47916666,27.5591
2017-Nov-16,12:00,2458074,73.5,27.5578
2017-Nov-16,12:30,2458074.021,73.52083333,27.5565
2017-Nov-16,13:00,2458074.042,73.54166666,27.5553
2017-Nov-16,13:30,2458074.063,73.5625,27.554
2017-Nov-16,14:00,2458074.083,73.58333333,27.5527
2017-Nov-16,14:30,2458074.104,73.60416666,27.5514
2017-Nov-16,15:00,2458074.125,73.625,27.5501
2017-Nov-16,15:30,2458074.146,73.64583333,27.5488
2017-Nov-16,16:00,2458074.167,73.66666666,27.5475
2017-Nov-16,16:30,2458074.188,73.6875,27.5462
2017-Nov-16,17:00,2458074.208,73.70833333,27.5449
2017-Nov-16,17:30,2458074.229,73.72916666,27.5436
2017-Nov-16,18:00,2458074.25,73.75,27.5423
2017-Nov-16,18:30,2458074.271,73.77083333,27.5409
2017-Nov-16,19:00,2458074.292,73.79166666,27.5396
2017-Nov-16,19:30,2458074.313,73.8125,27.5383
2017-Nov-16,20:00,2458074.333,73.83333333,27.5369
2017-Nov-16,20:30,2458074.354,73.85416666,27.5356
2017-Nov-16,21:00,2458074.375,73.875,27.5342
2017-Nov-16,21:30,2458074.396,73.89583333,27.5329
2017-Nov-16,22:00,2458074.417,73.91666666,27.5315
2017-Nov-16,22:30,2458074.438,73.9375,27.5301
2017-Nov-16,23:00,2458074.458,73.95833333,27.5288
2017-Nov-16,23:30,2458074.479,73.97916666,27.5274
2017-Nov-17,0:00,2458074.5,74,27.526
2017-Nov-17,0:30,2458074.521,74.02083333,27.5246
2017-Nov-17,1:00,2458074.542,74.04166666,27.5232
2017-Nov-17,1:30,2458074.563,74.0625,27.5218
2017-Nov-17,2:00,2458074.583,74.08333333,27.5204
2017-Nov-17,2:30,2458074.604,74.10416666,27.519
2017-Nov-17,3:00,2458074.625,74.125,27.5176
2017-Nov-17,3:30,2458074.646,74.14583333,27.5161
2017-Nov-17,4:00,2458074.667,74.16666666,27.5147
2017-Nov-17,4:30,2458074.688,74.1875,27.5133
2017-Nov-17,5:00,2458074.708,74.20833333,27.5118
2017-Nov-17,5:30,2458074.729,74.22916666,27.5104
2017-Nov-17,6:00,2458074.75,74.25,27.509
2017-Nov-17,6:30,2458074.771,74.27083333,27.5075
2017-Nov-17,7:00,2458074.792,74.29166666,27.506
2017-Nov-17,7:30,2458074.813,74.3125,27.5046
2017-Nov-17,8:00,2458074.833,74.33333333,27.5031
2017-Nov-17,8:30,2458074.854,74.35416666,27.5016
2017-Nov-17,9:00,2458074.875,74.375,27.5002
2017-Nov-17,9:30,2458074.896,74.39583333,27.4987
2017-Nov-17,10:00,2458074.917,74.41666666,27.4972
2017-Nov-17,10:30,2458074.938,74.4375,27.4957
2017-Nov-17,11:00,2458074.958,74.45833333,27.4942
2017-Nov-17,11:30,2458074.979,74.47916666,27.4927
2017-Nov-17,12:00,2458075,74.5,27.4912
2017-Nov-17,12:30,2458075.021,74.52083333,27.4897
2017-Nov-17,13:00,2458075.042,74.54166666,27.4882
2017-Nov-17,13:30,2458075.063,74.5625,27.4866
2017-Nov-17,14:00,2458075.083,74.58333333,27.4851
2017-Nov-17,14:30,2458075.104,74.60416666,27.4836
2017-Nov-17,15:00,2458075.125,74.625,27.4821
2017-Nov-17,15:30,2458075.146,74.64583333,27.4805
2017-Nov-17,16:00,2458075.167,74.66666666,27.479
2017-Nov-17,16:30,2458075.188,74.6875,27.4774
2017-Nov-17,17:00,2458075.208,74.70833333,27.4759
2017-Nov-17,17:30,2458075.229,74.72916666,27.4743
2017-Nov-17,18:00,2458075.25,74.75,27.4727
2017-Nov-17,18:30,2458075.271,74.77083333,27.4712
2017-Nov-17,19:00,2458075.292,74.79166666,27.4696
2017-Nov-17,19:30,2458075.313,74.8125,27.468
2017-Nov-17,20:00,2458075.333,74.83333333,27.4664
2017-Nov-17,20:30,2458075.354,74.85416666,27.4648
2017-Nov-17,21:00,2458075.375,74.875,27.4632
2017-Nov-17,21:30,2458075.396,74.89583333,27.4616
2017-Nov-17,22:00,2458075.417,74.91666666,27.46
2017-Nov-17,22:30,2458075.438,74.9375,27.4584
2017-Nov-17,23:00,2458075.458,74.95833333,27.4568
2017-Nov-17,23:30,2458075.479,74.97916666,27.4552
2017-Nov-18,0:00,2458075.5,75,27.4536
2017-Nov-18,0:30,2458075.521,75.02083333,27.4519
2017-Nov-18,1:00,2458075.542,75.04166666,27.4503
2017-Nov-18,1:30,2458075.563,75.0625,27.4487
2017-Nov-18,2:00,2458075.583,75.08333333,27.447
2017-Nov-18,2:30,2458075.604,75.10416666,27.4454
2017-Nov-18,3:00,2458075.625,75.125,27.4437
2017-Nov-18,3:30,2458075.646,75.14583333,27.4421
2017-Nov-18,4:00,2458075.667,75.16666666,27.4404
2017-Nov-18,4:30,2458075.688,75.1875,27.4387
2017-Nov-18,5:00,2458075.708,75.20833333,27.4371
2017-Nov-18,5:30,2458075.729,75.22916666,27.4354
2017-Nov-18,6:00,2458075.75,75.25,27.4337
2017-Nov-18,6:30,2458075.771,75.27083333,27.432
2017-Nov-18,7:00,2458075.792,75.29166666,27.4303
2017-Nov-18,7:30,2458075.813,75.3125,27.4287
2017-Nov-18,8:00,2458075.833,75.33333333,27.427
2017-Nov-18,8:30,2458075.854,75.35416666,27.4253
2017-Nov-18,9:00,2458075.875,75.375,27.4235
2017-Nov-18,9:30,2458075.896,75.39583333,27.4218
2017-Nov-18,10:00,2458075.917,75.41666666,27.4201
2017-Nov-18,10:30,2458075.938,75.4375,27.4184
2017-Nov-18,11:00,2458075.958,75.45833333,27.4167
2017-Nov-18,11:30,2458075.979,75.47916666,27.4149
2017-Nov-18,12:00,2458076,75.5,27.4132
2017-Nov-18,12:30,2458076.021,75.52083333,27.4115
2017-Nov-18,13:00,2458076.042,75.54166666,27.4097
2017-Nov-18,13:30,2458076.063,75.5625,27.408
2017-Nov-18,14:00,2458076.083,75.58333333,27.4062
2017-Nov-18,14:30,2458076.104,75.60416666,27.4045
2017-Nov-18,15:00,2458076.125,75.625,27.4027
2017-Nov-18,15:30,2458076.146,75.64583333,27.4009
2017-Nov-18,16:00,2458076.167,75.66666666,27.3992
2017-Nov-18,16:30,2458076.188,75.6875,27.3974
2017-Nov-18,17:00,2458076.208,75.70833333,27.3956
2017-Nov-18,17:30,2458076.229,75.72916666,27.3938
2017-Nov-18,18:00,2458076.25,75.75,27.392
2017-Nov-18,18:30,2458076.271,75.77083333,27.3903
2017-Nov-18,19:00,2458076.292,75.79166666,27.3885
2017-Nov-18,19:30,2458076.313,75.8125,27.3867
2017-Nov-18,20:00,2458076.333,75.83333333,27.3849
2017-Nov-18,20:30,2458076.354,75.85416666,27.383
2017-Nov-18,21:00,2458076.375,75.875,27.3812
2017-Nov-18,21:30,2458076.396,75.89583333,27.3794
2017-Nov-18,22:00,2458076.417,75.91666666,27.3776
2017-Nov-18,22:30,2458076.438,75.9375,27.3758
2017-Nov-18,23:00,2458076.458,75.95833333,27.3739
2017-Nov-18,23:30,2458076.479,75.97916666,27.3721
2017-Nov-19,0:00,2458076.5,76,27.3703
2017-Nov-19,0:30,2458076.521,76.02083333,27.3684
2017-Nov-19,1:00,2458076.542,76.04166666,27.3666
2017-Nov-19,1:30,2458076.563,76.0625,27.3647
2017-Nov-19,2:00,2458076.583,76.08333333,27.3628
2017-Nov-19,2:30,2458076.604,76.10416666,27.361
2017-Nov-19,3:00,2458076.625,76.125,27.3591
2017-Nov-19,3:30,2458076.646,76.14583333,27.3572
2017-Nov-19,4:00,2458076.667,76.16666666,27.3554
2017-Nov-19,4:30,2458076.688,76.1875,27.3535
2017-Nov-19,5:00,2458076.708,76.20833333,27.3516
2017-Nov-19,5:30,2458076.729,76.22916666,27.3497
2017-Nov-19,6:00,2458076.75,76.25,27.3478
2017-Nov-19,6:30,2458076.771,76.27083333,27.3459
2017-Nov-19,7:00,2458076.792,76.29166666,27.344
2017-Nov-19,7:30,2458076.813,76.3125,27.3421
2017-Nov-19,8:00,2458076.833,76.33333333,27.3402
2017-Nov-19,8:30,2458076.854,76.35416666,27.3383
2017-Nov-19,9:00,2458076.875,76.375,27.3364
2017-Nov-19,9:30,2458076.896,76.39583333,27.3345
2017-Nov-19,10:00,2458076.917,76.41666666,27.3326
2017-Nov-19,10:30,2458076.938,76.4375,27.3306
2017-Nov-19,11:00,2458076.958,76.45833333,27.3287
2017-Nov-19,11:30,2458076.979,76.47916666,27.3268
2017-Nov-19,12:00,2458077,76.5,27.3248
2017-Nov-19,12:30,2458077.021,76.52083333,27.3229
2017-Nov-19,13:00,2458077.042,76.54166666,27.3209
2017-Nov-19,13:30,2458077.063,76.5625,27.319
2017-Nov-19,14:00,2458077.083,76.58333333,27.317
2017-Nov-19,14:30,2458077.104,76.60416666,27.315
2017-Nov-19,15:00,2458077.125,76.625,27.3131
2017-Nov-19,15:30,2458077.146,76.64583333,27.3111
2017-Nov-19,16:00,2458077.167,76.66666666,27.3091
2017-Nov-19,16:30,2458077.188,76.6875,27.3071
2017-Nov-19,17:00,2458077.208,76.70833333,27.3052
2017-Nov-19,17:30,2458077.229,76.72916666,27.3032
2017-Nov-19,18:00,2458077.25,76.75,27.3012
2017-Nov-19,18:30,2458077.271,76.77083333,27.2992
2017-Nov-19,19:00,2458077.292,76.79166666,27.2972
2017-Nov-19,19:30,2458077.313,76.8125,27.2952
2017-Nov-19,20:00,2458077.333,76.83333333,27.2932
2017-Nov-19,20:30,2458077.354,76.85416666,27.2912
2017-Nov-19,21:00,2458077.375,76.875,27.2892
2017-Nov-19,21:30,2458077.396,76.89583333,27.2871
2017-Nov-19,22:00,2458077.417,76.91666666,27.2851
2017-Nov-19,22:30,2458077.438,76.9375,27.2831
2017-Nov-19,23:00,2458077.458,76.95833333,27.2811
2017-Nov-19,23:30,2458077.479,76.97916666,27.279
2017-Nov-20,0:00,2458077.5,77,27.277
2017-Nov-20,0:30,2458077.521,77.02083333,27.2749
2017-Nov-20,1:00,2458077.542,77.04166666,27.2729
2017-Nov-20,1:30,2458077.563,77.0625,27.2708
2017-Nov-20,2:00,2458077.583,77.08333333,27.2688
2017-Nov-20,2:30,2458077.604,77.10416666,27.2667
2017-Nov-20,3:00,2458077.625,77.125,27.2647
2017-Nov-20,3:30,2458077.646,77.14583333,27.2626
2017-Nov-20,4:00,2458077.667,77.16666666,27.2605
2017-Nov-20,4:30,2458077.688,77.1875,27.2585
2017-Nov-20,5:00,2458077.708,77.20833333,27.2564
2017-Nov-20,5:30,2458077.729,77.22916666,27.2543
2017-Nov-20,6:00,2458077.75,77.25,27.2522
2017-Nov-20,6:30,2458077.771,77.27083333,27.2501
2017-Nov-20,7:00,2458077.792,77.29166666,27.248
2017-Nov-20,7:30,2458077.813,77.3125,27.2459
2017-Nov-20,8:00,2458077.833,77.33333333,27.2438
2017-Nov-20,8:30,2458077.854,77.35416666,27.2417
2017-Nov-20,9:00,2458077.875,77.375,27.2396
2017-Nov-20,9:30,2458077.896,77.39583333,27.2375
2017-Nov-20,10:00,2458077.917,77.41666666,27.2354
2017-Nov-20,10:30,2458077.938,77.4375,27.2333
2017-Nov-20,11:00,2458077.958,77.45833333,27.2311
2017-Nov-20,11:30,2458077.979,77.47916666,27.229
2017-Nov-20,12:00,2458078,77.5,27.2269
2017-Nov-20,12:30,2458078.021,77.52083333,27.2248
2017-Nov-20,13:00,2458078.042,77.54166666,27.2226
2017-Nov-20,13:30,2458078.063,77.5625,27.2205
2017-Nov-20,14:00,2458078.083,77.58333333,27.2183
2017-Nov-20,14:30,2458078.104,77.60416666,27.2162
2017-Nov-20,15:00,2458078.125,77.625,27.214
2017-Nov-20,15:30,2458078.146,77.64583333,27.2119
2017-Nov-20,16:00,2458078.167,77.66666666,27.2097
2017-Nov-20,16:30,2458078.188,77.6875,27.2075
2017-Nov-20,17:00,2458078.208,77.70833333,27.2054
2017-Nov-20,17:30,2458078.229,77.72916666,27.2032
2017-Nov-20,18:00,2458078.25,77.75,27.201
2017-Nov-20,18:30,2458078.271,77.77083333,27.1988
2017-Nov-20,19:00,2458078.292,77.79166666,27.1966
2017-Nov-20,19:30,2458078.313,77.8125,27.1945
2017-Nov-20,20:00,2458078.333,77.83333333,27.1923
2017-Nov-20,20:30,2458078.354,77.85416666,27.1901
2017-Nov-20,21:00,2458078.375,77.875,27.1879
2017-Nov-20,21:30,2458078.396,77.89583333,27.1857
2017-Nov-20,22:00,2458078.417,77.91666666,27.1835
2017-Nov-20,22:30,2458078.438,77.9375,27.1813
2017-Nov-20,23:00,2458078.458,77.95833333,27.179
2017-Nov-20,23:30,2458078.479,77.97916666,27.1768
2017-Nov-21,0:00,2458078.5,78,27.1746
2017-Nov-21,0:30,2458078.521,78.02083333,27.1724
2017-Nov-21,1:00,2458078.542,78.04166666,27.1702
2017-Nov-21,1:30,2458078.563,78.0625,27.1679
2017-Nov-21,2:00,2458078.583,78.08333333,27.1657
2017-Nov-21,2:30,2458078.604,78.10416666,27.1634
2017-Nov-21,3:00,2458078.625,78.125,27.1612
2017-Nov-21,3:30,2458078.646,78.14583333,27.159
2017-Nov-21,4:00,2458078.667,78.16666666,27.1567
2017-Nov-21,4:30,2458078.688,78.1875,27.1545
2017-Nov-21,5:00,2458078.708,78.20833333,27.1522
2017-Nov-21,5:30,2458078.729,78.22916666,27.1499
2017-Nov-21,6:00,2458078.75,78.25,27.1477
2017-Nov-21,6:30,2458078.771,78.27083333,27.1454
2017-Nov-21,7:00,2458078.792,78.29166666,27.1431
2017-Nov-21,7:30,2458078.813,78.3125,27.1409
2017-Nov-21,8:00,2458078.833,78.33333333,27.1386
2017-Nov-21,8:30,2458078.854,78.35416666,27.1363
2017-Nov-21,9:00,2458078.875,78.375,27.134
2017-Nov-21,9:30,2458078.896,78.39583333,27.1317
2017-Nov-21,10:00,2458078.917,78.41666666,27.1294
2017-Nov-21,10:30,2458078.938,78.4375,27.1271
2017-Nov-21,11:00,2458078.958,78.45833333,27.1248
2017-Nov-21,11:30,2458078.979,78.47916666,27.1225
2017-Nov-21,12:00,2458079,78.5,27.1202
2017-Nov-21,12:30,2458079.021,78.52083333,27.1179
2017-Nov-21,13:00,2458079.042,78.54166666,27.1156
2017-Nov-21,13:30,2458079.063,78.5625,27.1133
2017-Nov-21,14:00,2458079.083,78.58333333,27.111
2017-Nov-21,14:30,2458079.104,78.60416666,27.1086
2017-Nov-21,15:00,2458079.125,78.625,27.1063
2017-Nov-21,15:30,2458079.146,78.64583333,27.104
2017-Nov-21,16:00,2458079.167,78.66666666,27.1017
2017-Nov-21,16:30,2458079.188,78.6875,27.0993
2017-Nov-21,17:00,2458079.208,78.70833333,27.097
2017-Nov-21,17:30,2458079.229,78.72916666,27.0946
2017-Nov-21,18:00,2458079.25,78.75,27.0923
2017-Nov-21,18:30,2458079.271,78.77083333,27.0899
2017-Nov-21,19:00,2458079.292,78.79166666,27.0876
2017-Nov-21,19:30,2458079.313,78.8125,27.0852
2017-Nov-21,20:00,2458079.333,78.83333333,27.0829
2017-Nov-21,20:30,2458079.354,78.85416666,27.0805
2017-Nov-21,21:00,2458079.375,78.875,27.0781
2017-Nov-21,21:30,2458079.396,78.89583333,27.0758
2017-Nov-21,22:00,2458079.417,78.91666666,27.0734
2017-Nov-21,22:30,2458079.438,78.9375,27.071
2017-Nov-21,23:00,2458079.458,78.95833333,27.0686
2017-Nov-21,23:30,2458079.479,78.97916666,27.0662
2017-Nov-22,0:00,2458079.5,79,27.0638
2017-Nov-22,0:30,2458079.521,79.02083333,27.0615
2017-Nov-22,1:00,2458079.542,79.04166666,27.0591
2017-Nov-22,1:30,2458079.563,79.0625,27.0567
2017-Nov-22,2:00,2458079.583,79.08333333,27.0543
2017-Nov-22,2:30,2458079.604,79.10416666,27.0519
2017-Nov-22,3:00,2458079.625,79.125,27.0495
2017-Nov-22,3:30,2458079.646,79.14583333,27.047
2017-Nov-22,4:00,2458079.667,79.16666666,27.0446
2017-Nov-22,4:30,2458079.688,79.1875,27.0422
2017-Nov-22,5:00,2458079.708,79.20833333,27.0398
2017-Nov-22,5:30,2458079.729,79.22916666,27.0374
2017-Nov-22,6:00,2458079.75,79.25,27.0349
2017-Nov-22,6:30,2458079.771,79.27083333,27.0325
2017-Nov-22,7:00,2458079.792,79.29166666,27.0301
2017-Nov-22,7:30,2458079.813,79.3125,27.0276
2017-Nov-22,8:00,2458079.833,79.33333333,27.0252
2017-Nov-22,8:30,2458079.854,79.35416666,27.0227
2017-Nov-22,9:00,2458079.875,79.375,27.0203
2017-Nov-22,9:30,2458079.896,79.39583333,27.0178
2017-Nov-22,10:00,2458079.917,79.41666666,27.0154
2017-Nov-22,10:30,2458079.938,79.4375,27.0129
2017-Nov-22,11:00,2458079.958,79.45833333,27.0105
2017-Nov-22,11:30,2458079.979,79.47916666,27.008
2017-Nov-22,12:00,2458080,79.5,27.0055
2017-Nov-22,12:30,2458080.021,79.52083333,27.0031
2017-Nov-22,13:00,2458080.042,79.54166666,27.0006
2017-Nov-22,13:30,2458080.063,79.5625,26.9981
2017-Nov-22,14:00,2458080.083,79.58333333,26.9956
2017-Nov-22,14:30,2458080.104,79.60416666,26.9932
2017-Nov-22,15:00,2458080.125,79.625,26.9907
2017-Nov-22,15:30,2458080.146,79.64583333,26.9882
2017-Nov-22,16:00,2458080.167,79.66666666,26.9857
2017-Nov-22,16:30,2458080.188,79.6875,26.9832
2017-Nov-22,17:00,2458080.208,79.70833333,26.9807
2017-Nov-22,17:30,2458080.229,79.72916666,26.9782
2017-Nov-22,18:00,2458080.25,79.75,26.9757
2017-Nov-22,18:30,2458080.271,79.77083333,26.9732
2017-Nov-22,19:00,2458080.292,79.79166666,26.9707
2017-Nov-22,19:30,2458080.313,79.8125,26.9682
2017-Nov-22,20:00,2458080.333,79.83333333,26.9656
2017-Nov-22,20:30,2458080.354,79.85416666,26.9631
2017-Nov-22,21:00,2458080.375,79.875,26.9606
2017-Nov-22,21:30,2458080.396,79.89583333,26.9581
2017-Nov-22,22:00,2458080.417,79.91666666,26.9555
2017-Nov-22,22:30,2458080.438,79.9375,26.953
2017-Nov-22,23:00,2458080.458,79.95833333,26.9505
2017-Nov-22,23:30,2458080.479,79.97916666,26.9479
2017-Nov-23,0:00,2458080.5,80,26.9454
2017-Nov-23,0:30,2458080.521,80.02083333,26.9429
2017-Nov-23,1:00,2458080.542,80.04166666,26.9403
2017-Nov-23,1:30,2458080.563,80.0625,26.9378
2017-Nov-23,2:00,2458080.583,80.08333333,26.9352
2017-Nov-23,2:30,2458080.604,80.10416666,26.9326
2017-Nov-23,3:00,2458080.625,80.125,26.9301
2017-Nov-23,3:30,2458080.646,80.14583333,26.9275
2017-Nov-23,4:00,2458080.667,80.16666666,26.9249
2017-Nov-23,4:30,2458080.688,80.1875,26.9224
2017-Nov-23,5:00,2458080.708,80.20833333,26.9198
2017-Nov-23,5:30,2458080.729,80.22916666,26.9172
2017-Nov-23,6:00,2458080.75,80.25,26.9147
2017-Nov-23,6:30,2458080.771,80.27083333,26.9121
2017-Nov-23,7:00,2458080.792,80.29166666,26.9095
2017-Nov-23,7:30,2458080.813,80.3125,26.9069
2017-Nov-23,8:00,2458080.833,80.33333333,26.9043
2017-Nov-23,8:30,2458080.854,80.35416666,26.9017
2017-Nov-23,9:00,2458080.875,80.375,26.8991
2017-Nov-23,9:30,2458080.896,80.39583333,26.8965
2017-Nov-23,10:00,2458080.917,80.41666666,26.8939
2017-Nov-23,10:30,2458080.938,80.4375,26.8913
2017-Nov-23,11:00,2458080.958,80.45833333,26.8887
2017-Nov-23,11:30,2458080.979,80.47916666,26.8861
2017-Nov-23,12:00,2458081,80.5,26.8835
2017-Nov-23,12:30,2458081.021,80.52083333,26.8809
2017-Nov-23,13:00,2458081.042,80.54166666,26.8782
2017-Nov-23,13:30,2458081.063,80.5625,26.8756
2017-Nov-23,14:00,2458081.083,80.58333333,26.873
2017-Nov-23,14:30,2458081.104,80.60416666,26.8704
2017-Nov-23,15:00,2458081.125,80.625,26.8677
2017-Nov-23,15:30,2458081.146,80.64583333,26.8651
2017-Nov-23,16:00,2458081.167,80.66666666,26.8625
2017-Nov-23,16:30,2458081.188,80.6875,26.8598
2017-Nov-23,17:00,2458081.208,80.70833333,26.8572
2017-Nov-23,17:30,2458081.229,80.72916666,26.8545
2017-Nov-23,18:00,2458081.25,80.75,26.8519
2017-Nov-23,18:30,2458081.271,80.77083333,26.8492
2017-Nov-23,19:00,2458081.292,80.79166666,26.8466
2017-Nov-23,19:30,2458081.313,80.8125,26.8439
2017-Nov-23,20:00,2458081.333,80.83333333,26.8412
2017-Nov-23,20:30,2458081.354,80.85416666,26.8386
2017-Nov-23,21:00,2458081.375,80.875,26.8359
2017-Nov-23,21:30,2458081.396,80.89583333,26.8332
2017-Nov-23,22:00,2458081.417,80.91666666,26.8306
2017-Nov-23,22:30,2458081.438,80.9375,26.8279
2017-Nov-23,23:00,2458081.458,80.95833333,26.8252
2017-Nov-23,23:30,2458081.479,80.97916666,26.8225
2017-Nov-24,0:00,2458081.5,81,26.8199
